"","Year","Month","Day","Text","Count"
"1",2020,1,29,"british airways",14527
"2",2020,1,29,"cdc",12044
"3",2020,1,29,"huawei",6192
"4",2020,1,29,"super junior",4573
"5",2020,1,29,"senate",4303
"6",2020,2,29,"cdc",85263
"7",2020,2,29,"trump",21850
"8",2020,2,29,"cnn",10748
"9",2020,2,29,"fox news",10374
"10",2020,2,29,"bts",9398
"11",2020,4,30,"nhs",9500
"12",2020,4,30,"cdc",8326
"13",2020,4,30,"trump",8145
"14",2020,4,30,"mask america",6120
"15",2020,4,30,"rbi",4841
"16",2020,7,17,"cdc",261349
"17",2020,7,17,"trump administration",37945
"18",2020,7,17,"trump",23295
"19",2020,7,17,"covid",16382
"20",2020,7,17,"congress",10660
"21",2020,8,7,"cdc",19386
"22",2020,8,7,"china virus",16527
"23",2020,8,7,"radical left democrats",16494
"24",2020,8,7,"trump",9165
"25",2020,8,7,"chinavirus",7957
"26",2020,9,16,"cdc",114363
"27",2020,9,16,"trump",25153
"28",2020,9,16,"migos",22410
"29",2020,9,16,"cnn",22042
"30",2020,9,16,"abc",21867
"31",2020,12,17,"pfizer",27512
"32",2020,12,17,"cdc",24598
"33",2020,12,17,"senate",19792
"34",2020,12,17,"congress",16796
"35",2020,12,17,"trump",15622
"36",2020,12,22,"congress",122613
"37",2020,12,22,"senate",28542
"38",2020,12,22,"eu",27701
"39",2020,12,22,"cdc",20811
"40",2020,12,22,"house",14146
"41",2021,1,1,"senate",27715
"42",2021,1,1,"icu",27454
"43",2021,1,1,"times square",23055
"44",2021,1,1,"pfizer",17419
"45",2021,1,1,"nhs",14596
"46",2021,1,2,"icu",24826
"47",2021,1,2,"nhs",20767
"48",2021,1,2,"senate",17349
"49",2021,1,2,"pfizer",14147
"50",2021,1,2,"texas supreme court",11159
"51",2021,1,3,"covid",15477
"52",2021,1,3,"cdc",14891
"53",2021,1,3,"nhs",13733
"54",2021,1,3,"bharat biotech",12683
"55",2021,1,3,"congress",12253
"56",2021,1,4,"nhs",23775
"57",2021,1,4,"covid",14482
"58",2021,1,4,"""""peoples house""""",13649
"59",2021,1,4,"senate",12033
"60",2021,1,4,"icu",11963
"61",2021,1,5,"nhs",23715
"62",2021,1,5,"covid",13721
"63",2021,1,5,"pfizer",11182
"64",2021,1,5,"senate",10643
"65",2021,1,5,"icu",9765
"66",2021,1,6,"nhs",20811
"67",2021,1,6,"congress",20266
"68",2021,1,6,"senate",18351
"69",2021,1,6,"itu",15412
"70",2021,1,6,"bbc",15235
"71",2021,1,7,"trader joe",32652
"72",2021,1,7,"nhs",23946
"73",2021,1,7,"congress",15273
"74",2021,1,7,"trump",14975
"75",2021,1,7,"twitter",9464
"76",2021,1,8,"pfizer",32259
"77",2021,1,8,"nhs",29257
"78",2021,1,8,"congress",13725
"79",2021,1,8,"pentagon",9719
"80",2021,1,8,"us capitol police",8416
"81",2021,1,9,"nhs",21699
"82",2021,1,9,"congress",14731
"83",2021,1,9,"covid",10376
"84",2021,1,9,"cdc",9888
"85",2021,1,9,"icu",8048
"86",2021,1,10,"icu",60679
"87",2021,1,10,"nhs",30160
"88",2021,1,10,"covid",9589
"89",2021,1,10,"congress",8927
"90",2021,1,10,"us capitol",5944
"91",2021,1,11,"icu",31422
"92",2021,1,11,"nhs",16167
"93",2021,1,11,"house",15860
"94",2021,1,11,"covid",14669
"95",2021,1,11,"congress",11110
"96",2021,1,12,"congress",38201
"97",2021,1,12,"house",37335
"98",2021,1,12,"covid",13975
"99",2021,1,12,"nhs",12934
"100",2021,1,12,"cdc",12009
"101",2021,1,13,"house",43282
"102",2021,1,13,"congress",35917
"103",2021,1,13,"pfizer",14278
"104",2021,1,13,"nhs",13018
"105",2021,1,13,"cdc",12076
"106",2021,1,14,"congress",18729
"107",2021,1,14,"nhs",12347
"108",2021,1,14,"pfizer",11897
"109",2021,1,14,"house",11181
"110",2021,1,14,"cdc",10531
"111",2021,1,15,"covid",19394
"112",2021,1,15,"pfizer",13037
"113",2021,1,15,"cdc",13005
"114",2021,1,15,"nhs",12845
"115",2021,1,15,"congress",9723
"116",2021,1,16,"ccp",42921
"117",2021,1,16,"wuhan institute of virology",17605
"118",2021,1,16,"nhs",15442
"119",2021,1,16,"national guard",14342
"120",2021,1,16,"pfizer",14241
"121",2021,1,17,"seattlepd",32407
"122",2021,1,17,"er nurse",31750
"123",2021,1,17,"ccp",17034
"124",2021,1,17,"nhs",16256
"125",2021,1,17,"pfizer",11793
"126",2021,1,18,"cdc",14592
"127",2021,1,18,"pfizer",11468
"128",2021,1,18,"nhs",10188
"129",2021,1,18,"nih",8452
"130",2021,1,18,"covid",7475
"131",2021,1,19,"nhs",12713
"132",2021,1,19,"cdc",11965
"133",2021,1,19,"pfizer",11447
"134",2021,1,19,"covid",9434
"135",2021,1,19,"eu",7960
"136",2021,1,20,"covid",50904
"137",2021,1,20,"pfizer",18555
"138",2021,1,20,"cdc",16201
"139",2021,1,20,"nhs",13004
"140",2021,1,20,"oval office",11205
"141",2021,1,21,"cdc",19029
"142",2021,1,21,"cnn",16383
"143",2021,1,21,"potus",15430
"144",2021,1,21,"covid",14455
"145",2021,1,21,"trump",13525
"146",2021,1,22,"cnn",24241
"147",2021,1,22,"cdc",18923
"148",2021,1,22,"who",14299
"149",2021,1,22,"senate",13800
"150",2021,1,22,"nhs",13135
"151",2021,1,23,"nhs",25692
"152",2021,1,23,"cdc",21600
"153",2021,1,23,"pfizer",19783
"154",2021,1,23,"senate",19136
"155",2021,1,23,"national guard",12826
"156",2021,1,24,"pfizer",17386
"157",2021,1,24,"wh",14566
"158",2021,1,24,"nhs",14543
"159",2021,1,24,"oxford university",12919
"160",2021,1,24,"bill and melinda gates foundation",12805
"161",2021,1,25,"moderna",21681
"162",2021,1,25,"pfizer",14135
"163",2021,1,25,"cdc",13003
"164",2021,1,25,"eu",11795
"165",2021,1,25,"covid",11493
"166",2021,1,26,"eu",38980
"167",2021,1,26,"senate",26961
"168",2021,1,26,"cdc",14186
"169",2021,1,26,"astrazeneca",12725
"170",2021,1,26,"pfizer",12457
"171",2021,1,27,"eu",33095
"172",2021,1,27,"senate",22976
"173",2021,1,27,"cdc",22848
"174",2021,1,27,"astrazeneca",12053
"175",2021,1,27,"nhs",11549
"176",2021,1,28,"eu",40569
"177",2021,1,28,"nhs",17602
"178",2021,1,28,"astrazeneca",15147
"179",2021,1,28,"cdc",14878
"180",2021,1,28,"pfizer",10954
"181",2021,1,30,"eu",51466
"182",2021,1,30,"cdc",25353
"183",2021,1,30,"nhs",13226
"184",2021,1,30,"senate",13199
"185",2021,1,30,"covid",10412
"186",2021,1,31,"cdc",27369
"187",2021,1,31,"eu",23390
"188",2021,1,31,"nhs",15288
"189",2021,1,31,"senate",10277
"190",2021,1,31,"covid",7107
"191",2021,2,1,"cdc",20259
"192",2021,2,1,"eu",17978
"193",2021,2,1,"senate",17258
"194",2021,2,1,"congress",13056
"195",2021,2,1,"nhs",11488
"196",2021,2,2,"senate",40958
"197",2021,2,2,"pfizer",27945
"198",2021,2,2,"nhs",22781
"199",2021,2,2,"moderna",22180
"200",2021,2,2,"cdc",19306
"201",2021,2,3,"senate",56238
"202",2021,2,3,"cdc",43043
"203",2021,2,3,"congress",16318
"204",2021,2,3,"nhs",11804
"205",2021,2,3,"pfizer",11369
"206",2021,2,4,"cdc",60894
"207",2021,2,4,"house",28162
"208",2021,2,4,"congress",19247
"209",2021,2,4,"senate",18308
"210",2021,2,4,"nhs",10920
"211",2021,2,5,"senate",97441
"212",2021,2,5,"cdc",42358
"213",2021,2,5,"house",12076
"214",2021,2,5,"pfizer",10808
"215",2021,2,5,"eu",8939
"216",2021,2,6,"cdc",18095
"217",2021,2,6,"senate",10538
"218",2021,2,6,"moderna",10289
"219",2021,2,6,"pfizer &amp",8674
"220",2021,2,6,"congress",8474
"221",2021,2,7,"eu",16285
"222",2021,2,7,"cdc",14648
"223",2021,2,7,"astrazeneca",11171
"224",2021,2,7,"nfl",11022
"225",2021,2,7,"nhs",10676
"226",2021,2,8,"cdc",56595
"227",2021,2,8,"nhs",17138
"228",2021,2,8,"congress",16377
"229",2021,2,8,"astrazeneca",13389
"230",2021,2,8,"covid",13129
"231",2021,2,9,"nhs",15839
"232",2021,2,9,"cdc",12693
"233",2021,2,9,"congress",12099
"234",2021,2,9,"house",9599
"235",2021,2,9,"covid",7486
"236",2021,2,10,"cdc",39757
"237",2021,2,10,"covid",23010
"238",2021,2,10,"who",16557
"239",2021,2,10,"congress",11838
"240",2021,2,10,"nhs",10134
"241",2021,2,11,"cdc",42971
"242",2021,2,11,"nhs",16792
"243",2021,2,11,"covid",13760
"244",2021,2,11,"who",11748
"245",2021,2,11,"bbc",11747
"246",2021,2,12,"cdc",31845
"247",2021,2,12,"covid",23762
"248",2021,2,12,"junta",15437
"249",2021,2,12,"nhs",15021
"250",2021,2,12,"majorphilebrity",11972
"251",2021,2,13,"senate",41062
"252",2021,2,13,"cdc",22171
"253",2021,2,13,"nhs",12409
"254",2021,2,13,"covid",10119
"255",2021,2,13,"congress",9282
"256",2021,2,14,"cdc",21805
"257",2021,2,14,"senate",15696
"258",2021,2,14,"nhs",10233
"259",2021,2,14,"who",9990
"260",2021,2,14,"tory",9288
"261",2021,2,15,"cdc",47266
"262",2021,2,15,"texans",25090
"263",2021,2,15,"pfizer",11044
"264",2021,2,15,"covid",9375
"265",2021,2,15,"trump",8167
"266",2021,2,16,"cdc",24540
"267",2021,2,16,"texans",18191
"268",2021,2,16,"pfizer",11710
"269",2021,2,16,"covid",9673
"270",2021,2,16,"joebiden",7682
"271",2021,2,17,"cdc",15802
"272",2021,2,17,"cnn",14836
"273",2021,2,17,"nhs",10634
"274",2021,2,17,"covid",10097
"275",2021,2,17,"pfizer",9383
"276",2021,2,18,"cdc",16874
"277",2021,2,18,"pfizer",12294
"278",2021,2,18,"wuhan institute of virology",11894
"279",2021,2,18,"nhs",7436
"280",2021,2,18,"covid",7214
"281",2021,2,19,"ritz carlton",21754
"282",2021,2,19,"pfizer",17192
"283",2021,2,19,"covid",13657
"284",2021,2,19,"cdc",12935
"285",2021,2,19,"high court",11307
"286",2021,2,20,"pfizer",12637
"287",2021,2,20,"cdc",12026
"288",2021,2,20,"high court",11218
"289",2021,2,20,"nhs",7046
"290",2021,2,20,"covid",6288
"291",2021,2,21,"pfizer",23919
"292",2021,2,21,"cdc",22221
"293",2021,2,21,"ppe",14792
"294",2021,2,21,"covid",11291
"295",2021,2,21,"congress",7963
"296",2021,2,22,"cdc",18487
"297",2021,2,22,"pfizer",13540
"298",2021,2,22,"covid",9816
"299",2021,2,22,"reuters",8979
"300",2021,2,22,"house",7232
"301",2021,2,23,"cdc",15925
"302",2021,2,23,"covid",11510
"303",2021,2,23,"pfizer",11490
"304",2021,2,23,"house",9979
"305",2021,2,23,"senate",8955
"306",2021,2,24,"johnson &amp; johnson",23501
"307",2021,2,24,"fda",22211
"308",2021,2,24,"covid",18359
"309",2021,2,24,"house",14477
"310",2021,2,24,"cdc",14054
"311",2021,2,25,"bts",8516
"312",2021,2,25,"pfizer",6837
"313",2021,2,25,"moderna",3105
"314",2021,2,25,"johnson &amp; johnson",2895
"315",2021,2,25,"cdc",2646
"316",2021,2,26,"bts",36198
"317",2021,2,26,"senate",15274
"318",2021,2,26,"bts army",12325
"319",2021,2,26,"fda",11731
"320",2021,2,26,"cpac",11511
"321",2021,2,27,"house",56241
"322",2021,2,27,"bts",19518
"323",2021,2,27,"cpac",15224
"324",2021,2,27,"fda",12197
"325",2021,2,27,"johnson &amp; johnson",12024
"326",2021,2,28,"house",37862
"327",2021,2,28,"johnson &amp; johnson",28152
"328",2021,2,28,"fda",24536
"329",2021,2,28,"cdc",14549
"330",2021,2,28,"senate",14451
"331",2021,3,1,"aiims",40924
"332",2021,3,1,"cdc",18733
"333",2021,3,1,"johnson &amp; johnson",12209
"334",2021,3,1,"house",10745
"335",2021,3,1,"senate",9766
"336",2021,3,2,"cdc",26489
"337",2021,3,2,"johnson &amp; johnson",21853
"338",2021,3,2,"merck",14390
"339",2021,3,2,"senate",13964
"340",2021,3,2,"texans",13072
"341",2021,3,3,"cdc",33471
"342",2021,3,3,"texans",25016
"343",2021,3,3,"senate",19707
"344",2021,3,3,"covid",15299
"345",2021,3,3,"johnson &amp; johnson",8861
"346",2021,3,4,"senate",50565
"347",2021,3,4,"cdc",25004
"348",2021,3,4,"nhs",12911
"349",2021,3,4,"covid",12102
"350",2021,3,4,"texas karens",10865
"351",2021,3,5,"senate",93772
"352",2021,3,5,"nhs",35461
"353",2021,3,5,"cdc",18003
"354",2021,3,5,"covid",14200
"355",2021,3,5,"johnson &amp; johnson",12032
"356",2021,3,6,"senate",130979
"357",2021,3,6,"american rescue plan",22944
"358",2021,3,6,"nhs",22462
"359",2021,3,6,"cdc",20155
"360",2021,3,6,"house",12036
"361",2021,3,7,"senate",69782
"362",2021,3,7,"congressional",22976
"363",2021,3,7,"cdc",17359
"364",2021,3,7,"nhs",12340
"365",2021,3,7,"american rescue plan",9469
"366",2021,3,8,"cdc",73020
"367",2021,3,8,"senate",34782
"368",2021,3,8,"pfizer",10844
"369",2021,3,8,"congress",10418
"370",2021,3,8,"nhs",8353
"371",2021,3,9,"cdc",81486
"372",2021,3,9,"usps",42484
"373",2021,3,9,"house",12557
"374",2021,3,9,"nhs",10687
"375",2021,3,9,"pfizer",9896
"376",2021,3,10,"house",52922
"377",2021,3,10,"cdc",31298
"378",2021,3,10,"congress",27047
"379",2021,3,10,"eu",13657
"380",2021,3,10,"senate",13264
"381",2021,3,11,"house",22979
"382",2021,3,11,"trump",19237
"383",2021,3,11,"astrazeneca",17578
"384",2021,3,11,"congress",17073
"385",2021,3,11,"cdc",16113
"386",2021,3,12,"congress",28938
"387",2021,3,12,"pfizer",21173
"388",2021,3,12,"cdc",21066
"389",2021,3,12,"astrazeneca",15336
"390",2021,3,12,"eu",13088
"391",2021,3,13,"cdc",17777
"392",2021,3,13,"covid",8528
"393",2021,3,13,"nhs",6755
"394",2021,3,13,"congress",6461
"395",2021,3,13,"pfizer",6179
"396",2021,3,14,"cdc",15569
"397",2021,3,14,"covid",11302
"398",2021,3,14,"astrazeneca",10708
"399",2021,3,14,"tesla",7176
"400",2021,3,14,"berkshire community college",6377
"401",2021,3,15,"astrazeneca",26444
"402",2021,3,15,"cdc",25848
"403",2021,3,15,"eu",8912
"404",2021,3,15,"covid",6700
"405",2021,3,15,"covid19",6590
"406",2021,3,16,"cdc",31102
"407",2021,3,16,"astrazeneca",23057
"408",2021,3,16,"eu",10389
"409",2021,3,16,"pfizer",10291
"410",2021,3,16,"moderna",9619
"411",2021,3,17,"eu",16146
"412",2021,3,17,"cdc",15196
"413",2021,3,17,"astrazeneca",9016
"414",2021,3,17,"nhs",7909
"415",2021,3,17,"house",7900
"416",2021,3,18,"cdc",16109
"417",2021,3,18,"nhs",13505
"418",2021,3,18,"eu",11895
"419",2021,3,18,"astrazeneca",11827
"420",2021,3,18,"blackwater",9330
"421",2021,3,19,"cdc",28540
"422",2021,3,19,"eu",11759
"423",2021,3,19,"astrazeneca",10867
"424",2021,3,19,"nhs",10095
"425",2021,3,19,"elf",7915
"426",2021,3,20,"cdc",21226
"427",2021,3,20,"eu",15829
"428",2021,3,20,"covid",9460
"429",2021,3,20,"icu",9247
"430",2021,3,20,"vcu",8999
"431",2021,3,21,"cdc",50096
"432",2021,3,21,"icu",21839
"433",2021,3,21,"eu",20060
"434",2021,3,21,"nhs",7378
"435",2021,3,21,"covid",6895
"436",2021,3,22,"cdc",53795
"437",2021,3,22,"astrazeneca",28566
"438",2021,3,22,"eu",28450
"439",2021,3,22,"icu",16078
"440",2021,3,22,"texas roadhouse",8624
"441",2021,3,23,"astrazeneca",22846
"442",2021,3,23,"cdc",19559
"443",2021,3,23,"fema",16443
"444",2021,3,23,"navajo nation",16383
"445",2021,3,23,"eu",15136
"446",2021,3,24,"eu",20535
"447",2021,3,24,"astrazeneca",10449
"448",2021,3,24,"cdc",10160
"449",2021,3,24,"nhs",7367
"450",2021,3,24,"pfizer",7333
"451",2021,3,25,"eu",23790
"452",2021,3,25,"cdc",19669
"453",2021,3,25,"astrazeneca",17480
"454",2021,3,25,"pfizer",8981
"455",2021,3,25,"cnn",8758
"456",2021,3,26,"cdc",23236
"457",2021,3,26,"teazen",17919
"458",2021,3,26,"miral welfare",17560
"459",2021,3,26,"eu",14723
"460",2021,3,26,"pfizer",8794
"461",2021,3,27,"cdc",20396
"462",2021,3,27,"ecq",9781
"463",2021,3,27,"eu",8130
"464",2021,3,27,"cnn",7482
"465",2021,3,27,"teazen",6437
"466",2021,3,28,"cdc",16421
"467",2021,3,28,"eu",8032
"468",2021,3,28,"covid",7134
"469",2021,3,28,"pfizer",6075
"470",2021,3,28,"cnn",5563
"471",2021,3,29,"cdc",68180
"472",2021,3,29,"pfizer",18186
"473",2021,3,29,"moderna",16054
"474",2021,3,29,"trump",13958
"475",2021,3,29,"cnn",11002
"476",2021,3,30,"cdc",69738
"477",2021,3,30,"covid",12890
"478",2021,3,30,"pfizer",12309
"479",2021,3,30,"astrazeneca",10057
"480",2021,3,30,"niggas",9592
"481",2021,3,31,"cdc",35088
"482",2021,3,31,"pfizer",29681
"483",2021,3,31,"covid",8858
"484",2021,3,31,"astrazeneca",8662
"485",2021,3,31,"eu",8418
"486",2021,4,1,"covid",23334
"487",2021,4,1,"pfizer",18064
"488",2021,4,1,"cdc",15104
"489",2021,4,1,"johnson &amp",13297
"490",2021,4,1,"ministry of education",9398
"491",2021,4,2,"cdc",54363
"492",2021,4,2,"covid",22470
"493",2021,4,2,"costco",13758
"494",2021,4,2,"astrazeneca",11337
"495",2021,4,2,"pfizer",9514
"496",2021,4,3,"covid",27386
"497",2021,4,3,"cdc",24552
"498",2021,4,3,"pfizer",9981
"499",2021,4,3,"astrazeneca",7574
"500",2021,4,3,"covid19",7055
"501",2021,4,4,"covid",25538
"502",2021,4,4,"cdc",12188
"503",2021,4,4,"canucks",8050
"504",2021,4,4,"covid-19",7794
"505",2021,4,4,"covid19",5852
"506",2021,4,5,"covid",30178
"507",2021,4,5,"publix",22191
"508",2021,4,5,"cdc",14808
"509",2021,4,5,"pfizer",11152
"510",2021,4,5,"covid-19",9954
"511",2021,4,6,"covid",31230
"512",2021,4,6,"cdc",19683
"513",2021,4,6,"covid-19",17508
"514",2021,4,6,"facebook",12487
"515",2021,4,6,"astrazeneca",11143
"516",2021,4,7,"covid",30925
"517",2021,4,7,"cdc",26928
"518",2021,4,7,"astrazeneca",23563
"519",2021,4,7,"facebook",14951
"520",2021,4,7,"eu",13737
"521",2021,4,8,"cdc",42077
"522",2021,4,8,"covid",25079
"523",2021,4,8,"astrazeneca",18687
"524",2021,4,8,"pfizer",13904
"525",2021,4,8,"covid19",11398
"526",2021,4,9,"cdc",48424
"527",2021,4,9,"pfizer",35856
"528",2021,4,9,"covid",25433
"529",2021,4,9,"trump",14769
"530",2021,4,9,"astrazeneca",11578
"531",2021,4,10,"cdc",32914
"532",2021,4,10,"covid",23455
"533",2021,4,10,"pfizer",17002
"534",2021,4,10,"congress",12762
"535",2021,4,10,"covid19",8067
"536",2021,4,11,"cdc",33536
"537",2021,4,11,"covid",27578
"538",2021,4,11,"congress",17416
"539",2021,4,11,"pfizer",12270
"540",2021,4,11,"covid19",7077
"541",2021,4,12,"covid",19060
"542",2021,4,12,"pfizer",9528
"543",2021,4,12,"astrazeneca",5277
"544",2021,4,12,"cdc",5237
"545",2021,4,12,"fda",5120
"546",2021,4,13,"fda",61339
"547",2021,4,13,"cdc",56000
"548",2021,4,13,"johnson &amp",46730
"549",2021,4,13,"covid",22983
"550",2021,4,13,"cnn",12323
"551",2021,4,14,"covid",40950
"552",2021,4,14,"cdc",34555
"553",2021,4,14,"cnn",22686
"554",2021,4,14,"johnson &amp",14628
"555",2021,4,14,"fda",14593
"556",2021,4,15,"cdc",37401
"557",2021,4,15,"covid",28814
"558",2021,4,15,"pfizer",21280
"559",2021,4,15,"icu",12454
"560",2021,4,15,"corona",11104
"561",2021,4,16,"covid",38934
"562",2021,4,16,"pfizer",27966
"563",2021,4,16,"cdc",24271
"564",2021,4,16,"covid19",14127
"565",2021,4,16,"astra zeneca",13905
"566",2021,4,17,"covid",39891
"567",2021,4,17,"cdc",12127
"568",2021,4,17,"bjp",10601
"569",2021,4,17,"pfizer",7541
"570",2021,4,17,"covid19",7498
"571",2021,4,18,"ssc",44085
"572",2021,4,18,"covid",34564
"573",2021,4,18,"cdc",16335
"574",2021,4,18,"bjp",13647
"575",2021,4,18,"icu",10557
"576",2021,4,19,"covid",42848
"577",2021,4,19,"cdc",17165
"578",2021,4,19,"covid19",14078
"579",2021,4,19,"bjp",10616
"580",2021,4,19,"astrazeneca",8458
"581",2021,4,20,"covid",61716
"582",2021,4,20,"bjp",14170
"583",2021,4,20,"cdc",13403
"584",2021,4,20,"covid19",12721
"585",2021,4,20,"icu",9077
"586",2021,4,21,"covid",34253
"587",2021,4,21,"covid19",12273
"588",2021,4,21,"covaxin",11833
"589",2021,4,21,"icmr",10800
"590",2021,4,21,"pfizer",10652
"591",2021,4,22,"covid",32124
"592",2021,4,22,"senate",25273
"593",2021,4,22,"cdc",15859
"594",2021,4,22,"bjp",15104
"595",2021,4,22,"covid19",14953
"596",2021,4,23,"covid",45752
"597",2021,4,23,"cdc",27064
"598",2021,4,23,"covid19",17017
"599",2021,4,23,"icu",15300
"600",2021,4,23,"pfizer",15017
"601",2021,4,24,"covid",38953
"602",2021,4,24,"cdc",17321
"603",2021,4,24,"iaf",13458
"604",2021,4,24,"mcc",11010
"605",2021,4,24,"icu",9654
"606",2021,4,25,"covid",37380
"607",2021,4,25,"pfizer",14937
"608",2021,4,25,"cdc",14701
"609",2021,4,25,"astrazeneca",13086
"610",2021,4,25,"twitter",12224
"611",2021,4,26,"covid",46940
"612",2021,4,26,"pfizer",16264
"613",2021,4,26,"cdc",15198
"614",2021,4,26,"ipl",14992
"615",2021,4,26,"astrazeneca",14675
"616",2021,4,27,"cdc",107004
"617",2021,4,27,"covid",39938
"618",2021,4,27,"pfizer",23537
"619",2021,4,27,"congress",18508
"620",2021,4,27,"moderna",15315
"621",2021,4,28,"cdc",84886
"622",2021,4,28,"covid",39926
"623",2021,4,28,"pfizer",23937
"624",2021,4,28,"covid19",23146
"625",2021,4,28,"hyundai",15057
"626",2021,4,29,"cdc",68901
"627",2021,4,29,"covid",47261
"628",2021,4,29,"congress",17673
"629",2021,4,29,"pfizer",17565
"630",2021,4,29,"bjp",13954
"631",2021,5,1,"covid",44774
"632",2021,5,1,"cdc",22053
"633",2021,5,1,"icu",11819
"634",2021,5,1,"covid19",11057
"635",2021,5,1,"pfizer",10993
"636",2021,5,2,"covid",35858
"637",2021,5,2,"cdc",32451
"638",2021,5,2,"bjp",28320
"639",2021,5,2,"covid warriors",20604
"640",2021,5,2,"icu",13051
"641",2021,5,3,"covid",47522
"642",2021,5,3,"cdc",30231
"643",2021,5,3,"bjp",23616
"644",2021,5,3,"pfizer",19899
"645",2021,5,3,"kkr",13828
"646",2021,5,4,"covid",47105
"647",2021,5,4,"cdc",28978
"648",2021,5,4,"ssr body",25726
"649",2021,5,4,"pfizer",25498
"650",2021,5,4,"bjp",20561
"651",2021,5,5,"covid",44434
"652",2021,5,5,"cdc",33796
"653",2021,5,5,"pfizer",29914
"654",2021,5,5,"bjp",21862
"655",2021,5,5,"ip",12601
"656",2021,5,6,"covid",28160
"657",2021,5,6,"cdc",27123
"658",2021,5,6,"pfizer",14178
"659",2021,5,6,"bjp",11843
"660",2021,5,6,"covid19",8762
"661",2021,5,7,"covid",33855
"662",2021,5,7,"cdc",21191
"663",2021,5,7,"corona",16860
"664",2021,5,7,"pfizer",14717
"665",2021,5,7,"bjp",14088
"666",2021,5,8,"covid",27468
"667",2021,5,8,"drdo",24817
"668",2021,5,8,"cdc",22022
"669",2021,5,8,"pfizer",12798
"670",2021,5,8,"bjp",12125
"671",2021,5,9,"covid",26585
"672",2021,5,9,"cdc",17138
"673",2021,5,9,"modi",9854
"674",2021,5,9,"covid19",9398
"675",2021,5,9,"pfizer",8394
"676",2021,5,10,"cdc",34207
"677",2021,5,10,"covid",34038
"678",2021,5,10,"covid19",29158
"679",2021,5,10,"pfizer",27551
"680",2021,5,10,"fda",25595
"681",2021,5,11,"covid",19516
"682",2021,5,11,"pfizer",17475
"683",2021,5,11,"fda",12920
"684",2021,5,11,"congress",8767
"685",2021,5,11,"bjp",8693
"686",2021,5,12,"cdc",30155
"687",2021,5,12,"covid",29053
"688",2021,5,12,"pfizer",18194
"689",2021,5,12,"covid19",11671
"690",2021,5,12,"bjp",11472
"691",2021,5,13,"cdc",222145
"692",2021,5,13,"covid",46223
"693",2021,5,13,"pfizer",13668
"694",2021,5,13,"rss",10472
"695",2021,5,13,"covid19",10353
"696",2021,5,14,"cdc",479561
"697",2021,5,14,"covid",38189
"698",2021,5,14,"pfizer",12451
"699",2021,5,14,"covid19",10527
"700",2021,5,14,"bjp",10159
"701",2021,5,15,"cdc",258714
"702",2021,5,15,"bts",43420
"703",2021,5,15,"covid",24051
"704",2021,5,15,"pfizer",10333
"705",2021,5,15,"bjp",9751
"706",2021,5,16,"cdc",151172
"707",2021,5,16,"covid",32174
"708",2021,5,16,"bts",12878
"709",2021,5,16,"covid19",8612
"710",2021,5,16,"bjp",7343
"711",2021,5,17,"cdc",124943
"712",2021,5,17,"covid",32933
"713",2021,5,17,"bjp",12265
"714",2021,5,17,"covid19",11369
"715",2021,5,17,"pfizer",11334
"716",2021,5,18,"cdc",120723
"717",2021,5,18,"congress",46000
"718",2021,5,18,"covid",33903
"719",2021,5,18,"bjp",23934
"720",2021,5,18,"uber",22922
"721",2021,5,19,"cdc",63641
"722",2021,5,19,"covid",35526
"723",2021,5,19,"congress",34623
"724",2021,5,19,"bjp",32237
"725",2021,5,19,"rrrmovie",14747
"726",2021,5,20,"cdc",38905
"727",2021,5,20,"covid",29579
"728",2021,5,20,"congress",22797
"729",2021,5,20,"bjp",13122
"730",2021,5,20,"house",12834
"731",2021,5,21,"cdc",30409
"732",2021,5,21,"covid",22543
"733",2021,5,21,"house",11847
"734",2021,5,21,"pfizer",10279
"735",2021,5,21,"congress",10070
"736",2021,5,22,"cdc",25238
"737",2021,5,22,"covid",19866
"738",2021,5,22,"pfizer",19527
"739",2021,5,22,"ima",14933
"740",2021,5,22,"hybe",13472
"741",2021,5,23,"cdc",54106
"742",2021,5,23,"covid",31454
"743",2021,5,23,"pfizer",15497
"744",2021,5,23,"wuhan institute of virology",11678
"745",2021,5,23,"bts",10022
"746",2021,5,24,"covid",40217
"747",2021,5,24,"wuhan institute of virology",35711
"748",2021,5,24,"cdc",33180
"749",2021,5,24,"ccp",15611
"750",2021,5,24,"wuhan lab",12925
"751",2021,5,25,"covid",41277
"752",2021,5,25,"cdc",31783
"753",2021,5,25,"moderna",18859
"754",2021,5,25,"ccp",17226
"755",2021,5,25,"pfizer",16228
"756",2021,5,26,"covid",43023
"757",2021,5,26,"cdc",24165
"758",2021,5,26,"nhs",15977
"759",2021,5,26,"bjp",14017
"760",2021,5,26,"pfizer",12517
"761",2021,5,27,"covid",36678
"762",2021,5,27,"facebook",33360
"763",2021,5,27,"cdc",20665
"764",2021,5,27,"pfizer",17890
"765",2021,5,27,"ima",13848
"766",2021,5,28,"cdc",32283
"767",2021,5,28,"covid",27422
"768",2021,5,28,"covid19",9054
"769",2021,5,28,"nhs",8889
"770",2021,5,28,"astrazeneca",8767
"771",2021,5,29,"covid",28871
"772",2021,5,29,"pfizer",14934
"773",2021,5,29,"cdc",14599
"774",2021,5,29,"ccp",8989
"775",2021,5,29,"congress",8880
"776",2021,5,30,"covid",23639
"777",2021,5,30,"bjp",11338
"778",2021,5,30,"cdc",10697
"779",2021,5,30,"nhs",9019
"780",2021,5,30,"ccp",7052
"781",2021,5,31,"covid",27954
"782",2021,5,31,"cdc",8966
"783",2021,5,31,"nhs",7866
"784",2021,5,31,"covid19",6268
"785",2021,5,31,"miti",5878
"786",2021,6,1,"covid",29297
"787",2021,6,1,"cdc",15681
"788",2021,6,1,"ktm",11455
"789",2021,6,1,"aiims",11169
"790",2021,6,1,"wuhan institute of virology",10142
"791",2021,6,2,"covid",50153
"792",2021,6,2,"cdc",15156
"793",2021,6,2,"wuhan lab",10140
"794",2021,6,2,"ccp",9327
"795",2021,6,2,"pfizer",9327
"796",2021,6,3,"covid",35466
"797",2021,6,3,"cdc",18135
"798",2021,6,3,"congress",8564
"799",2021,6,3,"pfizer",7495
"800",2021,6,3,"ccp",7298
"801",2021,6,4,"covid",27881
"802",2021,6,4,"cdc",21173
"803",2021,6,4,"bjp",19679
"804",2021,6,4,"ccp",19099
"805",2021,6,4,"pfizer",15424
"806",2021,6,5,"covid",20544
"807",2021,6,5,"cdc",19190
"808",2021,6,5,"pentagon",13688
"809",2021,6,5,"ccp",9790
"810",2021,6,5,"trump",7560
"811",2021,6,6,"covid",20982
"812",2021,6,6,"trump",18325
"813",2021,6,6,"cdc",15592
"814",2021,6,6,"hyundai",8900
"815",2021,6,6,"ccp",6336
"816",2021,6,7,"covid",25188
"817",2021,6,7,"ccp",17450
"818",2021,6,7,"cdc",13945
"819",2021,6,7,"seba",7869
"820",2021,6,7,"covid-19",6484
"821",2021,6,8,"covid",21749
"822",2021,6,8,"cdc",12049
"823",2021,6,8,"ccp",11365
"824",2021,6,8,"senate",7991
"825",2021,6,8,"pfizer",7973
"826",2021,6,9,"covid",28356
"827",2021,6,9,"cdc",24822
"828",2021,6,9,"pfizer",16391
"829",2021,6,9,"ccp",7793
"830",2021,6,9,"covid19",6551
"831",2021,6,10,"covid",30058
"832",2021,6,10,"cdc",24926
"833",2021,6,10,"pfizer",12707
"834",2021,6,10,"nhs",9262
"835",2021,6,10,"fbi",7268
"836",2021,6,11,"cdc",38342
"837",2021,6,11,"covid",32554
"838",2021,6,11,"chinese communist party",21769
"839",2021,6,11,"dema",20441
"840",2021,6,11,"g7",11303
"841",2021,6,12,"covid",18168
"842",2021,6,12,"cdc",13895
"843",2021,6,12,"g7",13485
"844",2021,6,12,"sandwichghoul",12494
"845",2021,6,12,"youtube",8610
"846",2021,6,13,"covid",36046
"847",2021,6,13,"g7",18889
"848",2021,6,13,"cdc",10773
"849",2021,6,13,"ppp covid",4790
"850",2021,6,13,"pfizer",4759
"851",2021,6,14,"covid",30140
"852",2021,6,14,"delta",20851
"853",2021,6,14,"cdc",15851
"854",2021,6,14,"nhs",13310
"855",2021,6,14,"novavax",12936
"856",2021,6,15,"covid",33600
"857",2021,6,15,"cdc",32262
"858",2021,6,15,"bts",11152
"859",2021,6,15,"seoul tourism",10032
"860",2021,6,15,"delta",9627
"861",2021,6,16,"covid",27186
"862",2021,6,16,"cdc",20598
"863",2021,6,16,"congress",16583
"864",2021,6,16,"eu",8482
"865",2021,6,16,"nhs",8041
"866",2021,6,17,"covid",24077
"867",2021,6,17,"cdc",18177
"868",2021,6,17,"pfizer",14342
"869",2021,6,17,"goi",8103
"870",2021,6,17,"eu",7435
"871",2021,6,18,"covid",29488
"872",2021,6,18,"cdc",20177
"873",2021,6,18,"pfizer",13564
"874",2021,6,18,"delta",8474
"875",2021,6,18,"eu",8261
"876",2021,6,19,"covid",32630
"877",2021,6,19,"cdc",19948
"878",2021,6,19,"fda",12076
"879",2021,6,19,"pfizer",8816
"880",2021,6,19,"delta",7586
"881",2021,6,20,"cdc",17790
"882",2021,6,20,"covid",15844
"883",2021,6,20,"pfizer",7444
"884",2021,6,20,"delta",6481
"885",2021,6,20,"ccp",5516
"886",2021,6,21,"cdc",21303
"887",2021,6,21,"covid",21195
"888",2021,6,21,"american airlines",10234
"889",2021,6,21,"pfizer",7441
"890",2021,6,21,"covid19",7017
"891",2021,6,22,"covid",28438
"892",2021,6,22,"cdc",16023
"893",2021,6,22,"delta",9241
"894",2021,6,22,"pfizer",9034
"895",2021,6,22,"covid19",7729
"896",2021,6,23,"cdc",27570
"897",2021,6,23,"covid",20017
"898",2021,6,23,"delta",13692
"899",2021,6,23,"pfizer",8076
"900",2021,6,23,"eu",7373
"901",2021,6,24,"cdc",30608
"902",2021,6,24,"covid",21364
"903",2021,6,24,"pfizer",11789
"904",2021,6,24,"delta",10712
"905",2021,6,24,"eu",10220
"906",2021,6,25,"covid",23636
"907",2021,6,25,"cdc",18231
"908",2021,6,25,"delta",9560
"909",2021,6,25,"nhs",8555
"910",2021,6,25,"pfizer",8466
"911",2021,6,26,"covid",21482
"912",2021,6,26,"cdc",17261
"913",2021,6,26,"ncaa",14147
"914",2021,6,26,"nc state",12110
"915",2021,6,26,"delta",11264
"916",2021,6,27,"covid",24085
"917",2021,6,27,"cdc",12982
"918",2021,6,27,"delta",9457
"919",2021,6,27,"covid-19",7573
"920",2021,6,27,"pfizer",6524
"921",2021,6,28,"cdc",40886
"922",2021,6,28,"covid",28984
"923",2021,6,28,"pfizer",24814
"924",2021,6,28,"astrazeneca",10937
"925",2021,6,28,"moderna",10376
"926",2021,6,29,"cdc",28791
"927",2021,6,29,"covid",26034
"928",2021,6,29,"pfizer",19801
"929",2021,6,29,"delta",17620
"930",2021,6,29,"astrazeneca",12281
"931",2021,6,30,"covid",24329
"932",2021,6,30,"cdc",23591
"933",2021,6,30,"delta",18336
"934",2021,6,30,"pfizer",14782
"935",2021,6,30,"eu",10437
"936",2021,7,1,"covid",22187
"937",2021,7,1,"eu",18340
"938",2021,7,1,"cdc",16724
"939",2021,7,1,"delta",13626
"940",2021,7,1,"pfizer",12442
"941",2021,7,2,"covid",21158
"942",2021,7,2,"delta",15688
"943",2021,7,2,"cdc",13971
"944",2021,7,2,"eu",8952
"945",2021,7,2,"pfizer",8743
"946",2021,7,3,"covid",15616
"947",2021,7,3,"cdc",9693
"948",2021,7,3,"delta",8132
"949",2021,7,3,"covaxin",7027
"950",2021,7,3,"pfizer",6050
"951",2021,7,4,"covid",22847
"952",2021,7,4,"cdc",9201
"953",2021,7,4,"nhs",7497
"954",2021,7,4,"delta",7391
"955",2021,7,4,"eu",7154
"956",2021,7,5,"covid",23452
"957",2021,7,5,"nhs",15006
"958",2021,7,5,"pfizer",14184
"959",2021,7,5,"cdc",12293
"960",2021,7,5,"delta",11308
"961",2021,7,6,"covid",32732
"962",2021,7,6,"cdc",15102
"963",2021,7,6,"pfizer",14304
"964",2021,7,6,"delta",11865
"965",2021,7,6,"covid19",8335
"966",2021,7,7,"covid",34625
"967",2021,7,7,"cdc",19983
"968",2021,7,7,"delta",11942
"969",2021,7,7,"ptd",11612
"970",2021,7,7,"pfizer",11240
"971",2021,7,8,"covid",25651
"972",2021,7,8,"pfizer",19930
"973",2021,7,8,"cdc",18904
"974",2021,7,8,"delta",10502
"975",2021,7,8,"covid19",6817
"976",2021,7,9,"cdc",40820
"977",2021,7,9,"pfizer",29518
"978",2021,7,9,"covid",25062
"979",2021,7,9,"delta",12840
"980",2021,7,9,"fda",11678
"981",2021,7,10,"sac",31556
"982",2021,7,10,"covid",24481
"983",2021,7,10,"cdc",23472
"984",2021,7,10,"pfizer",10456
"985",2021,7,10,"fda",8849
"986",2021,7,11,"sac",39805
"987",2021,7,11,"pfizer",22866
"988",2021,7,11,"covid",22385
"989",2021,7,11,"military dictatorship",16198
"990",2021,7,11,"junta",14597
"991",2021,7,12,"covid",26908
"992",2021,7,12,"sac",21567
"993",2021,7,12,"fda",18617
"994",2021,7,12,"pfizer",17816
"995",2021,7,12,"cdc",14721
"996",2021,7,13,"covid",28388
"997",2021,7,13,"cdc",15078
"998",2021,7,13,"fda",15036
"999",2021,7,13,"tennessee department of health",10527
"1000",2021,7,13,"johnson &amp",8850
"1001",2021,7,14,"covid",30267
"1002",2021,7,14,"cdc",14468
"1003",2021,7,14,"covid19",9260
"1004",2021,7,14,"tennessee department of health",7853
"1005",2021,7,14,"delta",7518
"1006",2021,7,15,"covid",34713
"1007",2021,7,15,"cdc",16045
"1008",2021,7,15,"nhs",11721
"1009",2021,7,15,"facebook",9737
"1010",2021,7,15,"covid19",7595
"1011",2021,7,16,"covid",39327
"1012",2021,7,16,"cdc",34330
"1013",2021,7,16,"facebook",15757
"1014",2021,7,16,"pfizer",12986
"1015",2021,7,16,"delta",12810
"1016",2021,7,18,"covid",37333
"1017",2021,7,18,"cdc",29261
"1018",2021,7,18,"delta",13916
"1019",2021,7,18,"covid19",12464
"1020",2021,7,18,"sac",10334
"1021",2021,7,19,"covid",48945
"1022",2021,7,19,"cdc",32325
"1023",2021,7,19,"fox news",20921
"1024",2021,7,19,"icu",18059
"1025",2021,7,19,"myanmar martyrs",16666
"1026",2021,7,20,"covid",64888
"1027",2021,7,20,"cdc",27315
"1028",2021,7,20,"fox news",23962
"1029",2021,7,20,"twitter",20700
"1030",2021,7,20,"delta",18769
"1031",2021,7,21,"junta",53688
"1032",2021,7,21,"covid",44387
"1033",2021,7,21,"cdc",39370
"1034",2021,7,21,"sac",33995
"1035",2021,7,21,"nih",17314
"1036",2021,7,22,"covid",45656
"1037",2021,7,22,"nfl",36837
"1038",2021,7,22,"cdc",33629
"1039",2021,7,22,"junta",18032
"1040",2021,7,22,"delta",15083
"1041",2021,7,23,"icrc",58253
"1042",2021,7,23,"covid",38193
"1043",2021,7,23,"icj",35851
"1044",2021,7,23,"cdc",33127
"1045",2021,7,23,"sac",31979
"1046",2021,7,24,"cdc",43472
"1047",2021,7,24,"covid",39958
"1048",2021,7,24,"delta variant",18853
"1049",2021,7,24,"junta",18072
"1050",2021,7,24,"pfizer",12067
"1051",2021,7,25,"cdc",51330
"1052",2021,7,25,"covid",37783
"1053",2021,7,25,"junta",15289
"1054",2021,7,25,"icrc",14655
"1055",2021,7,25,"icu",9815
"1056",2021,7,26,"cdc",54463
"1057",2021,7,26,"covid",46809
"1058",2021,7,26,"pfizer",12323
"1059",2021,7,26,"delta",8703
"1060",2021,7,26,"trump",7695
"1061",2021,7,27,"cdc",197538
"1062",2021,7,27,"covid",42567
"1063",2021,7,27,"telenor",22850
"1064",2021,7,27,"delta",17645
"1065",2021,7,27,"pfizer",17100
"1066",2021,7,28,"cdc",237536
"1067",2021,7,28,"covid",39485
"1068",2021,7,28,"pfizer",32514
"1069",2021,7,28,"delta",29630
"1070",2021,7,28,"starbucks",23443
"1071",2021,7,29,"cdc",163647
"1072",2021,7,29,"covid",65438
"1073",2021,7,29,"pfizer",28196
"1074",2021,7,29,"delta",18750
"1075",2021,7,29,"house",15096
"1076",2021,7,30,"cdc",238615
"1077",2021,7,30,"covid",52359
"1078",2021,7,30,"delta",36276
"1079",2021,7,30,"disney",13162
"1080",2021,7,30,"pfizer",12156
"1081",2021,7,31,"cdc",161158
"1082",2021,7,31,"covid",34678
"1083",2021,7,31,"delta",20142
"1084",2021,7,31,"icu",6243
"1085",2021,7,31,"disney",6208
"1086",2021,8,1,"cdc",134146
"1087",2021,8,1,"covid",59603
"1088",2021,8,1,"delta",19725
"1089",2021,8,1,"icu",17511
"1090",2021,8,1,"pfizer",15453
"1091",2021,8,2,"cdc",94468
"1092",2021,8,2,"covid",73058
"1093",2021,8,2,"icu",19856
"1094",2021,8,2,"delta",17871
"1095",2021,8,2,"fox news",15955
"1096",2021,8,3,"cdc",82590
"1097",2021,8,3,"covid",59681
"1098",2021,8,3,"pentagon",20247
"1099",2021,8,3,"icu",14986
"1100",2021,8,3,"delta",13984
"1101",2021,8,4,"cdc",128528
"1102",2021,8,4,"covid",71003
"1103",2021,8,4,"delta",53470
"1104",2021,8,4,"fda",19774
"1105",2021,8,4,"icu",15964
"1106",2021,8,5,"cdc",85498
"1107",2021,8,5,"covid",54857
"1108",2021,8,5,"delta",35120
"1109",2021,8,5,"exo",20901
"1110",2021,8,5,"exo xiumin",19589
"1111",2021,8,6,"cdc",79167
"1112",2021,8,6,"covid",65395
"1113",2021,8,6,"delta",27473
"1114",2021,8,6,"exo",17590
"1115",2021,8,6,"covid-19",14410
"1116",2021,8,8,"cdc",59589
"1117",2021,8,8,"covid",53706
"1118",2021,8,8,"delta",15968
"1119",2021,8,8,"ndtv",12884
"1120",2021,8,8,"fda",12503
"1121",2021,8,9,"cdc",86470
"1122",2021,8,9,"covid",46053
"1123",2021,8,9,"biden administration",27068
"1124",2021,8,9,"cdc &amp",25516
"1125",2021,8,9,"pentagon",23314
"1126",2021,8,10,"cdc",87613
"1127",2021,8,10,"covid",57791
"1128",2021,8,10,"biden administration",21633
"1129",2021,8,10,"cdc &amp",20782
"1130",2021,8,10,"twitter",19024
"1131",2021,8,11,"cdc",111398
"1132",2021,8,11,"covid",87700
"1133",2021,8,11,"youtube",26680
"1134",2021,8,11,"biden administration",22435
"1135",2021,8,11,"pfizer",20588
"1136",2021,8,12,"cdc",98418
"1137",2021,8,12,"covid",76021
"1138",2021,8,12,"rand paul",25204
"1139",2021,8,12,"delta",20110
"1140",2021,8,12,"pfizer",19863
"1141",2021,8,13,"covid",74286
"1142",2021,8,13,"cdc",62719
"1143",2021,8,13,"fda",21492
"1144",2021,8,13,"gilead",16489
"1145",2021,8,13,"regeneron",14424
"1146",2021,8,14,"covid",44518
"1147",2021,8,14,"cdc",38712
"1148",2021,8,14,"delta",19944
"1149",2021,8,14,"icu",9347
"1150",2021,8,14,"nsw",8760
"1151",2021,8,15,"cdc",43710
"1152",2021,8,15,"covid",31558
"1153",2021,8,15,"delta",23533
"1154",2021,8,15,"covid-19",10310
"1155",2021,8,15,"pfizer",9367
"1156",2021,8,16,"covid",34417
"1157",2021,8,16,"cdc",32726
"1158",2021,8,16,"delta",8299
"1159",2021,8,16,"pfizer",7734
"1160",2021,8,16,"nld",7375
"1161",2021,8,17,"covid",57555
"1162",2021,8,17,"cdc",31588
"1163",2021,8,17,"covid-19",25772
"1164",2021,8,17,"moderna",15199
"1165",2021,8,17,"delta",15142
"1166",2021,8,18,"covid",80866
"1167",2021,8,18,"cdc",37877
"1168",2021,8,18,"regeneron",24035
"1169",2021,8,18,"kfc",16701
"1170",2021,8,18,"delta",16011
"1171",2021,8,19,"covid",78512
"1172",2021,8,19,"cdc",39216
"1173",2021,8,19,"delta",16614
"1174",2021,8,19,"trump",12946
"1175",2021,8,19,"regeneron",11317
"1176",2021,8,20,"covid",62360
"1177",2021,8,20,"cdc",42164
"1178",2021,8,20,"pfizer",21572
"1179",2021,8,20,"fda",19939
"1180",2021,8,20,"delta",13954
"1181",2021,8,21,"covid",51397
"1182",2021,8,21,"fda",35952
"1183",2021,8,21,"cdc",26742
"1184",2021,8,21,"pfizer",20107
"1185",2021,8,21,"university of virginia",17553
"1186",2021,8,22,"covid",68181
"1187",2021,8,22,"fda",26643
"1188",2021,8,22,"cdc",25936
"1189",2021,8,22,"cnn",17351
"1190",2021,8,22,"facebook",15013
"1191",2021,8,23,"fda",297550
"1192",2021,8,23,"pfizer",76370
"1193",2021,8,23,"covid",51007
"1194",2021,8,23,"cdc",35852
"1195",2021,8,23,"delta",15716
"1196",2021,8,24,"fda",114226
"1197",2021,8,24,"covid",47471
"1198",2021,8,24,"cdc",44064
"1199",2021,8,24,"pfizer",37438
"1200",2021,8,24,"delta",15415
"1201",2021,8,25,"covid",67105
"1202",2021,8,25,"cdc",50428
"1203",2021,8,25,"fda",42492
"1204",2021,8,25,"pfizer",29949
"1205",2021,8,25,"delta",16867
"1206",2021,8,26,"covid",50936
"1207",2021,8,26,"cdc",32486
"1208",2021,8,26,"fda",31716
"1209",2021,8,26,"pfizer",20148
"1210",2021,8,26,"bbc",20053
"1211",2021,8,27,"cdc",70836
"1212",2021,8,27,"covid",55261
"1213",2021,8,27,"supreme court",33709
"1214",2021,8,27,"icu",18402
"1215",2021,8,27,"fda",16463
"1216",2021,8,28,"icu",49664
"1217",2021,8,28,"cdc",40409
"1218",2021,8,28,"covid",39668
"1219",2021,8,28,"fda",11207
"1220",2021,8,28,"delta",11001
"1221",2021,8,29,"covid",53794
"1222",2021,8,29,"cdc",33312
"1223",2021,8,29,"icu",18582
"1224",2021,8,29,"twitter",16840
"1225",2021,8,29,"fda",10554
"1226",2021,8,30,"covid",46875
"1227",2021,8,30,"cdc",31377
"1228",2021,8,30,"eu",14065
"1229",2021,8,30,"pfizer",12998
"1230",2021,8,30,"fda",12996
"1231",2021,8,31,"cdc",41825
"1232",2021,8,31,"covid",37290
"1233",2021,8,31,"fda",19428
"1234",2021,8,31,"pfizer",16631
"1235",2021,8,31,"moderna",7769
"1236",2021,9,1,"covid",47063
"1237",2021,9,1,"cdc",43224
"1238",2021,9,1,"fda",20360
"1239",2021,9,1,"pfizer",11290
"1240",2021,9,1,"icu",6983
"1241",2021,9,2,"covid",60988
"1242",2021,9,2,"cdc",55592
"1243",2021,9,2,"fda",20021
"1244",2021,9,2,"pfizer",13278
"1245",2021,9,2,"regeneron",8952
"1246",2021,9,3,"cdc",63457
"1247",2021,9,3,"covid",37406
"1248",2021,9,3,"pfizer",15989
"1249",2021,9,3,"fda",14556
"1250",2021,9,3,"jcvi",11220
"1251",2021,9,4,"covid",56841
"1252",2021,9,4,"cdc",45831
"1253",2021,9,4,"jcvi",10490
"1254",2021,9,4,"er",9205
"1255",2021,9,4,"icu",8475
"1256",2021,9,5,"covid",41665
"1257",2021,9,5,"cdc",25483
"1258",2021,9,5,"icu",18156
"1259",2021,9,5,"er",10071
"1260",2021,9,5,"covid-19",8531
"1261",2021,9,6,"covid",34797
"1262",2021,9,6,"cdc",25927
"1263",2021,9,6,"icu",20711
"1264",2021,9,6,"pfizer",8415
"1265",2021,9,6,"fda",6472
"1266",2021,9,7,"covid",43445
"1267",2021,9,7,"congress",28334
"1268",2021,9,7,"wuhan institute of virology",24336
"1269",2021,9,7,"er",24172
"1270",2021,9,7,"cdc",20686
"1271",2021,9,8,"covid",40061
"1272",2021,9,8,"cdc",34498
"1273",2021,9,8,"pfizer",18455
"1274",2021,9,8,"congress",13759
"1275",2021,9,8,"icu",9776
"1276",2021,9,9,"cdc",55200
"1277",2021,9,9,"covid",42461
"1278",2021,9,9,"pfizer",16572
"1279",2021,9,9,"fda",11094
"1280",2021,9,9,"icu",9719
"1281",2021,9,10,"covid",67572
"1282",2021,9,10,"cdc",57754
"1283",2021,9,10,"congress",16824
"1284",2021,9,10,"pfizer",13424
"1285",2021,9,10,"potus",13407
"1286",2021,9,11,"covid",37971
"1287",2021,9,11,"cdc",36247
"1288",2021,9,11,"congress",30342
"1289",2021,9,11,"pfizer",10462
"1290",2021,9,11,"icu",9646
"1291",2021,9,12,"covid",31082
"1292",2021,9,12,"cdc",29869
"1293",2021,9,12,"icu",13389
"1294",2021,9,12,"pfizer",10419
"1295",2021,9,12,"congress",8085
"1296",2021,9,13,"cdc",64423
"1297",2021,9,13,"covid",47418
"1298",2021,9,13,"fda",12602
"1299",2021,9,13,"israeli ministry of health",12071
"1300",2021,9,13,"pfizer",9500
"1301",2021,9,14,"covid",55684
"1302",2021,9,14,"cdc",33276
"1303",2021,9,14,"icu",12734
"1304",2021,9,14,"pfizer",11310
"1305",2021,9,14,"fda",11273
"1306",2021,9,15,"covid",37602
"1307",2021,9,15,"cdc",24051
"1308",2021,9,15,"pfizer",12659
"1309",2021,9,15,"fda",9313
"1310",2021,9,15,"trump",7170
"1311",2021,9,17,"covid",49618
"1312",2021,9,17,"fda",49196
"1313",2021,9,17,"pfizer",34298
"1314",2021,9,17,"cdc",30409
"1315",2021,9,17,"nih",19172
"1316",2021,9,18,"covid",46911
"1317",2021,9,18,"fda",32610
"1318",2021,9,18,"pfizer",21228
"1319",2021,9,18,"cdc",21014
"1320",2021,9,18,"icu",13328
"1321",2021,9,19,"covid",44081
"1322",2021,9,19,"cdc",24595
"1323",2021,9,19,"biden white house",17631
"1324",2021,9,19,"fda",14005
"1325",2021,9,19,"pfizer",13277
"1326",2021,9,20,"bts",68439
"1327",2021,9,20,"unga",56249
"1328",2021,9,20,"un",55798
"1329",2021,9,20,"covid",49221
"1330",2021,9,20,"pfizer",49219
"1331",2021,9,21,"covid",44694
"1332",2021,9,21,"bts",30519
"1333",2021,9,21,"cdc",21965
"1334",2021,9,21,"un",21749
"1335",2021,9,21,"pfizer",17553
"1336",2021,9,22,"covid",38995
"1337",2021,9,22,"cdc",23528
"1338",2021,9,22,"un",19353
"1339",2021,9,22,"pfizer",12319
"1340",2021,9,22,"bts",11696
"1341",2021,9,23,"covid",35495
"1342",2021,9,23,"fda",26703
"1343",2021,9,23,"cdc",25391
"1344",2021,9,23,"pfizer",25347
"1345",2021,9,23,"icu",8503
"1346",2021,9,24,"cdc",60135
"1347",2021,9,24,"covid",41436
"1348",2021,9,24,"moon jae-in",29588
"1349",2021,9,24,"pfizer",15713
"1350",2021,9,24,"fda",15678
"1351",2021,9,25,"cdc",34524
"1352",2021,9,25,"covid",28012
"1353",2021,9,25,"pfizer",9558
"1354",2021,9,25,"bts",8018
"1355",2021,9,25,"fda",7544
"1356",2021,9,26,"covid",31492
"1357",2021,9,26,"cdc",19533
"1358",2021,9,26,"pfizer",11743
"1359",2021,9,26,"red bulls",8263
"1360",2021,9,26,"fda",8165
"1361",2021,9,27,"covid",37563
"1362",2021,9,27,"pfizer",20325
"1363",2021,9,27,"cdc",19519
"1364",2021,9,27,"un",10049
"1365",2021,9,27,"fda",9298
"1366",2021,9,28,"covid",50268
"1367",2021,9,28,"johnson &amp",26066
"1368",2021,9,28,"cdc",21783
"1369",2021,9,28,"nba",21538
"1370",2021,9,28,"pfizer",18918
"1371",2021,9,29,"covid",32576
"1372",2021,9,29,"cdc",30878
"1373",2021,9,29,"united airlines",18261
"1374",2021,9,29,"nba",18090
"1375",2021,9,29,"pfizer",12746
"1376",2021,9,30,"cdc",50130
"1377",2021,9,30,"covid",32382
"1378",2021,9,30,"nba",22197
"1379",2021,9,30,"pfizer",12232
"1380",2021,9,30,"fda",8692
"1381",2021,10,1,"covid",25873
"1382",2021,10,1,"merck",20419
"1383",2021,10,1,"supreme court",8867
"1384",2021,10,1,"draymond green",8310
"1385",2021,10,1,"pfizer",6541
"1386",2021,10,2,"covid",21992
"1387",2021,10,2,"cdc",9584
"1388",2021,10,2,"draymond green",6360
"1389",2021,10,2,"pfizer",5814
"1390",2021,10,2,"merck",5490
"1391",2021,10,3,"covid",20036
"1392",2021,10,3,"cdc",14540
"1393",2021,10,3,"american airlines",4965
"1394",2021,10,3,"pfizer",4482
"1395",2021,10,3,"icu",4228
"1396",2021,10,4,"covid",16942
"1397",2021,10,4,"pfizer",7145
"1398",2021,10,4,"cdc",6459
"1399",2021,10,4,"doj",6311
"1400",2021,10,4,"facebook",5035
"1401",2021,10,5,"pfizer",21971
"1402",2021,10,5,"covid",19702
"1403",2021,10,5,"ysl",8793
"1404",2021,10,5,"dior",8676
"1405",2021,10,5,"yg",6820
"1406",2021,10,6,"covid",20333
"1407",2021,10,6,"pfizer",16041
"1408",2021,10,6,"moderna",9260
"1409",2021,10,6,"yg",5427
"1410",2021,10,6,"fda",4860
"1411",2021,10,7,"pfizer",21485
"1412",2021,10,7,"covid",15786
"1413",2021,10,7,"fda",7688
"1414",2021,10,7,"moderna",7500
"1415",2021,10,7,"merck",4824
"1416",2021,10,8,"covid",15870
"1417",2021,10,8,"merck",7996
"1418",2021,10,8,"pfizer",7575
"1419",2021,10,8,"pharma",4086
"1420",2021,10,8,"fda",3680
"1421",2021,10,9,"covid",18661
"1422",2021,10,9,"cdc",13357
"1423",2021,10,9,"pfizer",9882
"1424",2021,10,9,"fda",7247
"1425",2021,10,9,"moderna",5711
"1426",2021,10,10,"cdc",22754
"1427",2021,10,10,"covid",19425
"1428",2021,10,10,"pfizer",10769
"1429",2021,10,10,"covid-19",6677
"1430",2021,10,10,"moderna",4712
"1431",2021,10,11,"covid",29671
"1432",2021,10,11,"cdc",19836
"1433",2021,10,11,"fda",10142
"1434",2021,10,11,"pfizer",9961
"1435",2021,10,11,"merck",9345
"1436",2021,10,12,"covid",51589
"1437",2021,10,12,"cdc",20980
"1438",2021,10,12,"southwest airlines",11509
"1439",2021,10,12,"fda",10595
"1440",2021,10,12,"peer",8753
"1441",2021,10,13,"covid",43013
"1442",2021,10,13,"cdc",16536
"1443",2021,10,13,"fda",11211
"1444",2021,10,13,"pfizer",10740
"1445",2021,10,13,"southwest airlines",10290
"1446",2021,10,14,"covid",34124
"1447",2021,10,14,"cnn",32698
"1448",2021,10,14,"cdc",16494
"1449",2021,10,14,"fda",16005
"1450",2021,10,14,"cambria hotel",12319
"1451",2021,10,15,"covid",21572
"1452",2021,10,15,"fda",18375
"1453",2021,10,15,"nba",16515
"1454",2021,10,15,"cdc",15993
"1455",2021,10,15,"cnn",13864
"1456",2021,10,16,"covid",17489
"1457",2021,10,16,"delta",17284
"1458",2021,10,16,"cdc",17123
"1459",2021,10,16,"delta air lines",10304
"1460",2021,10,16,"fda",8128
"1461",2021,10,17,"covid",20922
"1462",2021,10,17,"delta",19923
"1463",2021,10,17,"cdc",12934
"1464",2021,10,17,"fda",9835
"1465",2021,10,17,"delta airlines",6766
"1466",2021,10,18,"covid",49223
"1467",2021,10,18,"cdc",21710
"1468",2021,10,18,"joint chiefs of staff",11179
"1469",2021,10,18,"fda",10786
"1470",2021,10,18,"fox news",10709
"1471",2021,10,19,"covid",35408
"1472",2021,10,19,"cdc",21390
"1473",2021,10,19,"washington state",12677
"1474",2021,10,19,"osha",11212
"1475",2021,10,19,"fda",9002
"1476",2021,10,20,"covid",28478
"1477",2021,10,20,"cdc",26797
"1478",2021,10,20,"fda",17541
"1479",2021,10,20,"nhs",15005
"1480",2021,10,20,"fox news",14843
"1481",2021,10,21,"nih",46118
"1482",2021,10,21,"covid",26349
"1483",2021,10,21,"cdc",24582
"1484",2021,10,21,"pfizer",16796
"1485",2021,10,21,"nhs",11076
"1486",2021,10,22,"cdc",35085
"1487",2021,10,22,"covid",26881
"1488",2021,10,22,"nih",22612
"1489",2021,10,22,"pfizer",21152
"1490",2021,10,22,"fda",9424
"1491",2021,10,23,"cdc",29954
"1492",2021,10,23,"covid",20826
"1493",2021,10,23,"pfizer",11023
"1494",2021,10,23,"fda",9800
"1495",2021,10,23,"nih",9112
"1496",2021,10,24,"nih",22860
"1497",2021,10,24,"covid",20555
"1498",2021,10,24,"cdc",20001
"1499",2021,10,24,"pfizer",11393
"1500",2021,10,24,"fda",8505
"1501",2021,10,25,"cdc",22903
"1502",2021,10,25,"covid",22697
"1503",2021,10,25,"nih",20224
"1504",2021,10,25,"pfizer",16013
"1505",2021,10,25,"nhs",9613
"1506",2021,10,26,"fda",39477
"1507",2021,10,26,"pfizer",31349
"1508",2021,10,26,"covid",30033
"1509",2021,10,26,"cdc",28327
"1510",2021,10,26,"house",9432
"1511",2021,10,27,"fda",36483
"1512",2021,10,27,"cdc",33016
"1513",2021,10,27,"covid",29858
"1514",2021,10,27,"pfizer",20413
"1515",2021,10,27,"enhypen",9473
"1516",2021,10,28,"cdc",35706
"1517",2021,10,28,"covid",28684
"1518",2021,10,28,"sec",16889
"1519",2021,10,28,"fda",14104
"1520",2021,10,28,"brexit",9786
"1521",2021,10,29,"fda",23978
"1522",2021,10,29,"covid",21149
"1523",2021,10,29,"cdc",19162
"1524",2021,10,29,"pfizer",17792
"1525",2021,10,29,"sec",11051
"1526",2021,10,30,"cdc",24356
"1527",2021,10,30,"covid",20769
"1528",2021,10,30,"fda",10664
"1529",2021,10,30,"pfizer",10338
"1530",2021,10,30,"supreme court",10317
"1531",2021,11,1,"covid",38243
"1532",2021,11,1,"cdc",14308
"1533",2021,11,1,"nypd",14255
"1534",2021,11,1,"nyc",14069
"1535",2021,11,1,"pfizer",10104
"1536",2021,11,2,"cdc",43524
"1537",2021,11,2,"pfizer",35152
"1538",2021,11,2,"covid",26030
"1539",2021,11,2,"nypd",8839
"1540",2021,11,2,"delta",8365
"1541",2021,11,3,"covid",69298
"1542",2021,11,3,"cdc",44672
"1543",2021,11,3,"pfizer",40337
"1544",2021,11,3,"fda",13243
"1545",2021,11,3,"covid-19",12997
"1546",2021,11,4,"covid",38113
"1547",2021,11,4,"cdc",29896
"1548",2021,11,4,"osha",21403
"1549",2021,11,4,"pfizer",20483
"1550",2021,11,4,"randox",16065
"1551",2021,11,5,"pfizer",53339
"1552",2021,11,5,"cdc",49429
"1553",2021,11,5,"covid",26572
"1554",2021,11,5,"osha",22268
"1555",2021,11,5,"fda",16606
"1556",2021,11,6,"cdc",28842
"1557",2021,11,6,"covid",23955
"1558",2021,11,6,"pfizer",21096
"1559",2021,11,6,"nfl",15886
"1560",2021,11,6,"osha",13901
"1561",2021,11,7,"covid",22931
"1562",2021,11,7,"cdc",18970
"1563",2021,11,7,"pfizer",14869
"1564",2021,11,7,"nfl",11891
"1565",2021,11,7,"fda",10288
"1566",2021,11,8,"covid",24847
"1567",2021,11,8,"cdc",23802
"1568",2021,11,8,"pfizer",21878
"1569",2021,11,8,"nfl",12523
"1570",2021,11,8,"osha",9972
"1571",2021,11,9,"pfizer",33508
"1572",2021,11,9,"covid",26631
"1573",2021,11,9,"cdc",25982
"1574",2021,11,9,"nhs",21484
"1575",2021,11,9,"cnn",13839
"1576",2021,11,10,"nfl",29035
"1577",2021,11,10,"pfizer",27087
"1578",2021,11,10,"covid",24493
"1579",2021,11,10,"cdc",19682
"1580",2021,11,10,"fda",8561
"1581",2021,11,11,"covid",24061
"1582",2021,11,11,"cdc",18466
"1583",2021,11,11,"pfizer",16651
"1584",2021,11,11,"nhs",8718
"1585",2021,11,11,"fda",8294
"1586",2021,11,12,"cdc",67969
"1587",2021,11,12,"covid",22940
"1588",2021,11,12,"fda",14441
"1589",2021,11,12,"pfizer",9512
"1590",2021,11,12,"nhs",6062
"1591",2021,11,13,"cdc",36600
"1592",2021,11,13,"covid",23026
"1593",2021,11,13,"osha",18169
"1594",2021,11,13,"oklahoma national guard",10912
"1595",2021,11,13,"pfizer",9038
"1596",2021,11,14,"cdc",61124
"1597",2021,11,14,"covid",24223
"1598",2021,11,14,"trump",18550
"1599",2021,11,14,"trump admin",14831
"1600",2021,11,14,"pfizer",9871
"1601",2021,11,15,"cdc",45749
"1602",2021,11,15,"covid",27278
"1603",2021,11,15,"trump",14521
"1604",2021,11,15,"pfizer",7594
"1605",2021,11,15,"nhs",7397
"1606",2021,11,16,"cdc",31102
"1607",2021,11,16,"covid",28067
"1608",2021,11,16,"pfizer",24772
"1609",2021,11,16,"nhs",10426
"1610",2021,11,16,"house",7910
"1611",2021,11,17,"osha",32819
"1612",2021,11,17,"covid",26718
"1613",2021,11,17,"cdc",24761
"1614",2021,11,17,"pfizer",19220
"1615",2021,11,17,"fda",6882
"1616",2021,11,18,"fda",40759
"1617",2021,11,18,"pfizer",32016
"1618",2021,11,18,"covid",30086
"1619",2021,11,18,"osha",18639
"1620",2021,11,18,"cdc",15877
"1621",2021,11,19,"pfizer",30390
"1622",2021,11,19,"fda",29021
"1623",2021,11,19,"covid",25856
"1624",2021,11,19,"cdc",22009
"1625",2021,11,19,"moderna",13485
"1626",2021,11,20,"covid",32911
"1627",2021,11,20,"cdc",18013
"1628",2021,11,20,"pfizer",14535
"1629",2021,11,20,"fda",13021
"1630",2021,11,20,"disney",8357
"1631",2021,11,21,"covid",29941
"1632",2021,11,21,"cdc",11835
"1633",2021,11,21,"pfizer",8368
"1634",2021,11,21,"fda",8067
"1635",2021,11,21,"bts",6939
"1636",2021,11,22,"covid",31425
"1637",2021,11,22,"pfizer",15328
"1638",2021,11,22,"cdc",12152
"1639",2021,11,22,"fda",8525
"1640",2021,11,22,"ccp",6377
"1641",2021,11,23,"covid",27601
"1642",2021,11,23,"cdc",12577
"1643",2021,11,23,"pfizer",12188
"1644",2021,11,23,"eu",8555
"1645",2021,11,23,"house",5706
"1646",2021,11,24,"yg entertainment",28956
"1647",2021,11,24,"covid",25056
"1648",2021,11,24,"blackpink",19402
"1649",2021,11,24,"covid-19",17627
"1650",2021,11,24,"lisa",14239
"1651",2021,11,25,"yg entertainment",22644
"1652",2021,11,25,"covid-19",22368
"1653",2021,11,25,"jisoo",22297
"1654",2021,11,25,"ros",21537
"1655",2021,11,25,"covid",17695
"1656",2021,11,26,"covid",24015
"1657",2021,11,26,"delta",14226
"1658",2021,11,26,"cdc",14003
"1659",2021,11,26,"eu",13391
"1660",2021,11,26,"reuters",9390
"1661",2021,11,27,"omicron",48495
"1662",2021,11,27,"covid",42980
"1663",2021,11,27,"delta",17971
"1664",2021,11,27,"cdc",15383
"1665",2021,11,27,"pfizer",12203
"1666",2021,11,28,"omicron",111632
"1667",2021,11,28,"covid",33892
"1668",2021,11,28,"pfizer",15859
"1669",2021,11,28,"delta",14868
"1670",2021,11,28,"south african medical association",12521
"1671",2021,11,29,"omicron",145769
"1672",2021,11,29,"covid",59917
"1673",2021,11,29,"cdc",13526
"1674",2021,11,29,"delta",13073
"1675",2021,11,29,"pfizer",11695
"1676",2021,11,30,"omicron",114868
"1677",2021,11,30,"covid",47756
"1678",2021,11,30,"moderna",24435
"1679",2021,11,30,"pfizer",21622
"1680",2021,11,30,"cdc",20628
"1681",2021,12,1,"omicron",94512
"1682",2021,12,1,"covid",60824
"1683",2021,12,1,"gold star",31836
"1684",2021,12,1,"cdc",22851
"1685",2021,12,1,"trump",18057
"1686",2021,12,2,"omicron",96270
"1687",2021,12,2,"covid",48216
"1688",2021,12,2,"pfizer",21871
"1689",2021,12,2,"cdc",17197
"1690",2021,12,2,"gold star",15381
"1691",2021,12,3,"omicron",100004
"1692",2021,12,3,"covid",40123
"1693",2021,12,3,"pfizer",14593
"1694",2021,12,3,"cdc",12541
"1695",2021,12,3,"cnn",10531
"1696",2021,12,4,"omicron",74077
"1697",2021,12,4,"covid",48056
"1698",2021,12,4,"yg entertainment",21627
"1699",2021,12,4,"big pharma",20365
"1700",2021,12,4,"lisa",19460
"1701",2021,12,5,"omicron",77059
"1702",2021,12,5,"covid",45165
"1703",2021,12,5,"pfizer",26275
"1704",2021,12,5,"big pharma",14649
"1705",2021,12,5,"bts",10451
"1706",2021,12,6,"omicron",77391
"1707",2021,12,6,"covid",29867
"1708",2021,12,6,"pfizer",23986
"1709",2021,12,6,"moderna",15857
"1710",2021,12,6,"cdc",10402
"1711",2021,12,7,"omicron",50917
"1712",2021,12,7,"covid",22560
"1713",2021,12,7,"pfizer",16251
"1714",2021,12,7,"cdc",9061
"1715",2021,12,7,"nhs",7038
"1716",2021,12,8,"omicron",86134
"1717",2021,12,8,"pfizer",51859
"1718",2021,12,8,"covid",27597
"1719",2021,12,8,"nhs",12979
"1720",2021,12,8,"fda",11890
"1721",2021,12,9,"omicron",72767
"1722",2021,12,9,"pfizer",45049
"1723",2021,12,9,"senate",36167
"1724",2021,12,9,"covid",25210
"1725",2021,12,9,"fda",19251
"1726",2021,12,10,"omicron",69296
"1727",2021,12,10,"pfizer",49981
"1728",2021,12,10,"covid",22200
"1729",2021,12,10,"cdc",13328
"1730",2021,12,10,"delta",11025
"1731",2021,12,11,"omicron",81372
"1732",2021,12,11,"pfizer",35449
"1733",2021,12,11,"covid",21669
"1734",2021,12,11,"cdc",21361
"1735",2021,12,11,"disney",11674
"1736",2021,12,12,"omicron",84127
"1737",2021,12,12,"covid",35904
"1738",2021,12,12,"pfizer",22734
"1739",2021,12,12,"nhs",17008
"1740",2021,12,12,"cdc",13709
"1741",2021,12,13,"omicron",129307
"1742",2021,12,13,"covid",38146
"1743",2021,12,13,"nhs",28024
"1744",2021,12,13,"cdc",22678
"1745",2021,12,13,"pfizer",17124
"1746",2021,12,14,"omicron",125737
"1747",2021,12,14,"covid",45864
"1748",2021,12,14,"pfizer",36738
"1749",2021,12,14,"tory",25929
"1750",2021,12,14,"nhs",25613
"1751",2021,12,15,"omicron",119762
"1752",2021,12,15,"covid",43790
"1753",2021,12,15,"cdc",23114
"1754",2021,12,15,"nfl",19793
"1755",2021,12,15,"pfizer",16669
"1756",2021,12,16,"omicron",142729
"1757",2021,12,16,"covid",44604
"1758",2021,12,16,"cdc",33589
"1759",2021,12,16,"twitter",17195
"1760",2021,12,16,"delta",16708
"1761",2021,12,18,"omicron",148344
"1762",2021,12,18,"pfizer",49853
"1763",2021,12,18,"covid",43702
"1764",2021,12,18,"cdc",32751
"1765",2021,12,18,"delta",25894
"1766",2021,12,19,"omicron",108382
"1767",2021,12,19,"covid",47960
"1768",2021,12,19,"pfizer",18864
"1769",2021,12,19,"cdc",18719
"1770",2021,12,19,"delta",15972
"1771",2021,12,20,"omicron",101190
"1772",2021,12,20,"covid",56983
"1773",2021,12,20,"cdc",26252
"1774",2021,12,20,"delta",13434
"1775",2021,12,20,"cnn",12825
"1776",2021,12,21,"omicron",134760
"1777",2021,12,21,"covid",62562
"1778",2021,12,21,"cdc",35322
"1779",2021,12,21,"delta",17952
"1780",2021,12,21,"pfizer",16069
"1781",2021,12,23,"omicron",134970
"1782",2021,12,23,"covid",49639
"1783",2021,12,23,"pfizer",26754
"1784",2021,12,23,"delta",26638
"1785",2021,12,23,"fda",19114
"1786",2021,12,24,"omicron",120531
"1787",2021,12,24,"covid",72490
"1788",2021,12,24,"cdc",28983
"1789",2021,12,24,"delta",28846
"1790",2021,12,24,"pfizer",19098
"1791",2021,12,25,"omicron",65338
"1792",2021,12,25,"covid",36256
"1793",2021,12,25,"delta",18631
"1794",2021,12,25,"forex",13198
"1795",2021,12,25,"cdc",12419
"1796",2021,12,26,"omicron",63466
"1797",2021,12,26,"covid",40392
"1798",2021,12,26,"aktu",17038
"1799",2021,12,26,"cdc",13311
"1800",2021,12,26,"cernovich",12147
"1801",2021,12,27,"omicron",72067
"1802",2021,12,27,"covid",56445
"1803",2021,12,27,"cdc",44983
"1804",2021,12,27,"pfizer",17239
"1805",2021,12,27,"delta",13725
"1806",2021,12,28,"cdc",363244
"1807",2021,12,28,"omicron",74105
"1808",2021,12,28,"covid",74094
"1809",2021,12,28,"delta",47071
"1810",2021,12,28,"pfizer",17072
"1811",2021,12,29,"cdc",463834
"1812",2021,12,29,"omicron",83786
"1813",2021,12,29,"covid",49688
"1814",2021,12,29,"delta",29916
"1815",2021,12,29,"pfizer",15086
"1816",2021,12,30,"cdc",382964
"1817",2021,12,30,"omicron",80544
"1818",2021,12,30,"covid",67032
"1819",2021,12,30,"delta",25350
"1820",2021,12,30,"pfizer",19465
"1821",2021,12,31,"cdc",190174
"1822",2021,12,31,"omicron",82828
"1823",2021,12,31,"covid",62428
"1824",2021,12,31,"aoc",24562
"1825",2021,12,31,"delta",16547
