Tweet_ID,Sentiment_Label,Probability_pos
1446354674488016896,negative,4.293060105951511e-07
1446354679739387906,negative,0.205618253688173
1446354699834298368,negative,0.17242960053921502
1446354761125662720,negative,0.043067096816070675
1446354793195319317,negative,0.034135052757557446
1446354826451820546,neutral,0.5838775159203088
1446354860761362443,negative,0.0002966162213161318
1446354861679915036,negative,0.05010465079945445
1446354863139561472,negative,0.2499904304336832
1446354929040302088,negative,0.004071871504696067
1446355002017165313,negative,0.11635749989020586
1446355015090778115,negative,0.00040566328808572927
1446355029309468686,negative,7.426640823549744e-07
1446355105876488201,negative,9.450250777487762e-05
1446355139707785217,negative,0.0009998560955560706
1446355171370545168,negative,0.02406597652874638
1446355206908755972,negative,0.012944317313678504
1446355207781183488,negative,0.012944317313678504
1446355210335490052,negative,0.012944317313678504
1446355265033547781,negative,0.19339642064725138
1446355266497359896,negative,0.015411069156325265
1446355295366795265,negative,0.1539815926005529
1446355431761326099,negative,0.17242960053921502
1446355465902903296,negative,0.004071871504696067
1446355496320053262,neutral,0.41496433276798916
1446355604512116738,negative,0.08352488532416696
1446355680152150017,negative,0.004717233249786055
1446355689333534723,negative,0.004717233249786055
1446355705250951170,negative,0.02530558663116024
1446355747323928576,negative,0.032116455808588046
1446355775845244928,negative,5.7356562901015565e-05
1446355783239753728,negative,0.0736401149528525
1446355805863882769,negative,7.426640823549744e-07
1446355892069412869,negative,6.600269139587024e-12
1446355899304587289,negative,0.0010903034766486823
1446355924663275520,negative,0.004717233249786055
1446355933823705089,negative,0.004717233249786055
1446355944326246409,negative,0.039479973915486036
1446355946125529088,negative,0.2928679700031337
1446355952815390720,negative,0.012944317313678504
1446356000760606724,positive,0.8587677290500932
1446356024206766083,negative,0.034294068325096426
1446356068238569501,negative,0.0008603692695770272
1446356117706133504,negative,0.06722381980466183
1446356134055399434,negative,5.7356562901015565e-05
1446356150224658432,negative,0.0008603692695770272
1446356244420182019,negative,0.0020088771519396645
1446356336854380550,negative,0.032484552584152886
1446356432698421257,negative,0.0003153273278010457
1446356444928872451,negative,0.0003004621274758425
1446356535127519240,negative,0.007887005140305102
1446356614626357273,negative,0.0010903034766486823
1446356633383284759,negative,2.2759232211516952e-05
1446356733916549121,negative,7.426640823549744e-07
1446356790489329677,negative,0.005427573544037716
1446356797212798988,negative,5.7356562901015565e-05
1446356875302350874,positive,0.8345672670146417
1446356887360974876,negative,7.426640823549744e-07
1446356919006998535,positive,0.7486077741668256
1446356932382633998,positive,0.8587677290500932
1446356965878378496,negative,0.0356491982940386
1446356967409258497,negative,0.0025903208902394873
1446357044206788611,negative,5.7356562901015565e-05
1446357095381676056,negative,7.426640823549744e-07
1446357123927998465,positive,0.6813815220851178
1446357269663338503,negative,0.20439966089722336
1446357321634881536,positive,0.6813815220851178
1446357336554156063,negative,0.039281665483939306
1446357403176513537,negative,0.0019034062763042343
1446357411913216017,negative,0.034135052757557446
1446357439360741376,negative,0.010071759110745813
1446357484952825867,negative,0.0017825344485715127
1446357526904287232,neutral,0.45063214732912427
1446357660169875468,negative,0.0017825344485715127
1446357669246349334,negative,0.0008603692695770272
1446357738267815939,neutral,0.4018366595953099
1446357741732311045,positive,0.8886935359915752
1446357776717000705,negative,0.31433245176786023
1446357949203558444,neutral,0.6282564624116697
1446358038424793101,negative,0.008130584105457339
1446358140916805637,negative,0.03836941464136868
1446358276191531008,negative,0.08352488532416696
1446358497348759586,negative,0.0017825344485715127
1446358572561014784,negative,0.0008603692695770272
1446358587417059333,negative,0.06496261732543593
1446358669076148249,negative,0.055028291708927965
1446358677506699278,negative,0.06771797289284212
1446358707806351372,negative,0.032484552584152886
1446358711975489548,negative,0.0008603692695770272
1446358712306839562,negative,4.740286578834699e-09
1446358752618295301,negative,0.032484552584152886
1446358866321682442,negative,0.011198837734810743
1446358929580175386,positive,0.8271337234193653
1446359044839649282,negative,5.7356562901015565e-05
1446359112590241796,negative,0.0017825344485715127
1446359145351950364,neutral,0.5157070572513255
1446359151815372810,positive,0.6633026410079403
1446359216978079751,negative,0.005933845468799156
1446359258300362780,negative,0.13143443357356785
1446359273236279314,negative,0.17242960053921502
1446359292202922011,neutral,0.46127768308170247
1446359305222041620,positive,0.8576554451666929
1446359371135528989,negative,0.0033980110900259978
1446359403385573376,negative,0.03850276581745563
1446359454279163904,negative,0.006727599826470628
1446359490262151192,negative,0.0017825344485715127
1446359539092238345,neutral,0.3977595797682977
1446359609141252096,negative,0.0002891139882558747
1446359623196422149,negative,9.450250777487762e-05
1446359695602692108,negative,0.00020488353878662675
1446359703789973522,negative,0.20347347584846437
1446359711197114391,positive,0.8576554451666929
1446359713323626496,neutral,0.5454535508535538
1446359715408195600,negative,0.04344114272027967
1446359755300147200,negative,0.004991096407320365
1446359758399811627,positive,0.9914988595051892
1446359889417326594,negative,0.034885502308749795
1446359929233760257,negative,1.4679807348789684e-09
1446359976512008211,negative,0.007252017222704932
1446360046498164747,positive,0.9705636497938712
1446360082409795593,negative,0.004071871504696067
1446360086826397697,negative,0.0010903034766486823
1446360375864217605,negative,7.426640823549744e-07
1446360388472385536,negative,0.10691022557516676
1446360440297173005,positive,0.7422267140286467
1446360445347115030,negative,0.22067320004720942
1446360478440173584,negative,0.0017825344485715127
1446360592663654400,negative,0.013843812554810278
1446360601287143426,negative,0.18047230111606583
1446360605208817664,negative,0.12092534508274923
1446360625186226176,negative,0.10691022557516676
1446360690206388240,negative,0.006027092285246106
1446360710955548672,negative,0.14676187400989293
1446360752860901396,negative,0.034135052757557446
1446360767389970460,neutral,0.4016150838889336
1446360798830473256,neutral,0.4204190317913396
1446360817188941828,negative,0.006301768347373789
1446360890065002496,negative,0.0025903208902394873
1446361040753733638,negative,0.06365479457634975
1446361151730823172,negative,0.0008603692695770272
1446361214930595867,negative,0.17829294110865151
1446361217161850888,negative,0.01538402220069117
1446361242839314439,negative,0.01761126418552998
1446361358786834448,positive,0.8576554451666929
1446361422720610310,negative,0.006027092285246106
1446361437165793287,negative,0.0017825344485715127
1446361463103311872,negative,0.0009393983190943532
1446361507676053506,negative,0.024665001447617567
1446361521240616971,negative,0.0001920232040582894
1446361631664058393,negative,0.00014109308640277498
1446361704741416984,negative,0.01760580824551261
1446361748425093131,negative,0.2704084560100797
1446361772617838612,negative,0.004774030252708669
1446361782721916938,neutral,0.49789225920557484
1446361787268542472,negative,0.0120216475175764
1446361939047763968,negative,0.007887005140305102
1446361952654069760,negative,0.0001920232040582894
1446361962959548431,neutral,0.5206902242356249
1446361967820746753,neutral,0.4274047939449264
1446362026360643587,negative,0.0020083532470927586
1446362026687729665,negative,0.0004538774970885629
1446362134061985811,negative,0.0736401149528525
1446362180929138699,neutral,0.35483742128829676
1446362211857936392,negative,0.14676187400989293
1446362252462993423,negative,0.0009393983190943532
1446362267403030528,negative,0.008178362527209763
1446362284486504457,negative,0.2795638123875598
1446362328467976226,negative,0.006027092285246106
1446362511608066050,negative,0.2795638123875598
1446362516976775174,negative,0.027469426241429607
1446362523515695129,negative,0.0391232225125345
1446362527177248768,positive,0.8271553526140442
1446362601227759640,positive,0.8928112511352889
1446362626213228557,negative,0.059866272742188434
1446362647100862485,positive,0.8271553526140442
1446362710585659401,negative,5.7356562901015565e-05
1446362711030444048,negative,0.034135052757557446
1446362747839655966,negative,0.034135052757557446
1446362815816740872,negative,0.0008603692695770272
1446362821143506971,negative,0.14676187400989293
1446362838071746560,positive,0.8576554451666929
1446362916484231169,negative,0.0010903034766486823
1446362936163905546,negative,0.028452364089676732
1446362937464139776,negative,0.006027092285246106
1446362996578660355,negative,0.0008603692695770272
1446363034398699529,negative,0.01761126418552998
1446363055059836928,negative,3.6778272771894426e-10
1446363094280777731,neutral,0.4884393079970005
1446363216913838123,negative,0.007964716616521346
1446363341165764614,negative,0.20439966089722336
1446363369724915725,negative,0.0120216475175764
1446363494782283794,negative,0.007500743681404013
1446363554098130980,negative,0.032484552584152886
1446363789608177664,negative,5.7356562901015565e-05
1446363814392442918,positive,0.8345672670146417
1446363817965989910,negative,0.12880597137737027
1446363892905619496,negative,0.013843812554810278
1446363966024921108,neutral,0.49789225920557484
1446363982894407680,positive,0.8576554451666929
1446364213165895683,negative,0.0008603692695770272
1446364221705498663,negative,0.034135052757557446
1446364304224235543,neutral,0.513760679620586
1446364322335240198,negative,0.0008603692695770272
1446364369420423168,negative,0.012515239982156883
1446364453692452901,negative,0.0020083532470927586
1446364486089256960,negative,0.14676187400989293
1446364592083513398,negative,0.013843812554810278
1446364593094340641,negative,0.16012687517326615
1446364652217188352,neutral,0.49789225920557484
1446364666075230225,negative,0.034135052757557446
1446364719435165721,negative,0.026018672059337597
1446364727890882567,negative,0.0017825344485715127
1446364735344160775,negative,0.0021617343817884886
1446364737361621013,negative,0.018863241664971567
1446364737596502034,negative,0.0689666859436029
1446364796572643328,negative,0.0008603692695770272
1446364923483861001,negative,0.2399903650851737
1446364957021515799,negative,0.0025903208902394873
1446364986889150464,negative,0.17236853534045077
1446365030048542739,negative,0.07387868810295362
1446365101964079139,negative,0.04353996844921945
1446365151364591655,neutral,0.4299371657496221
1446365191722184721,negative,0.004991096407320365
1446365258906546272,positive,0.8576554451666929
1446365280695955483,positive,0.8587677290500932
1446365282042327047,negative,0.22973577734578748
1446365283682299920,negative,0.17242960053921502
1446365298563690512,positive,0.8576554451666929
1446365299129921566,negative,0.00030262538246370724
1446365340120854601,negative,3.5328985361470905e-10
1446365370965766156,negative,0.17236853534045077
1446365461248159797,negative,0.0227171287011511
1446365529070055439,negative,9.774068154449237e-05
1446365541820739604,negative,0.016953847057971667
1446365579204571185,negative,0.0008603692695770272
1446365691305734156,negative,0.00010315448149473202
1446365817206157325,negative,9.450250777487762e-05
1446365853302337550,neutral,0.4884393079970005
1446366040502513672,negative,0.021826632448675207
1446366197646307330,negative,4.46717029284214e-07
1446366227421671425,negative,0.16247442971493684
1446366286892707876,negative,0.08017933677075624
1446366342362378291,negative,1.1751862460936442e-05
1446366370174697472,negative,0.022526717125117595
1446366573342699526,negative,0.0010903034766486823
1446366604170833922,negative,0.003723926922341477
1446366618045591576,neutral,0.5934225164782209
1446366656763211813,negative,0.0017825344485715127
1446366695984148503,negative,5.7356562901015565e-05
1446366698706251816,negative,0.001955145664570003
1446366850682662931,negative,0.004991096407320365
1446366887793864711,negative,0.004774030252708669
1446366923667746843,negative,9.450250777487762e-05
1446366936691060740,negative,0.2210527984262871
1446367112734388250,negative,0.021826632448675207
1446367123899625488,negative,0.032116455808588046
1446367233178021910,negative,0.0021617343817884886
1446367242585845774,negative,6.7360052280174195e-06
1446367289432027138,negative,7.226717995188154e-05
1446367303331950605,positive,0.7322667251048116
1446367329147891749,negative,0.03618179743167296
1446367336148185135,negative,0.013843812554810278
1446367413503733760,negative,0.08708894304350215
1446367427558846474,negative,0.17236853534045077
1446367436064894981,neutral,0.3891823245487961
1446367471041007624,neutral,0.45330597087403485
1446367489714237452,negative,0.034135052757557446
1446367505669369898,positive,0.8271553526140442
1446367545079050259,negative,0.0021617343817884886
1446367552825929762,negative,0.25421315428724967
1446367757256306722,negative,4.889696268319831e-05
1446367840492269568,negative,0.12679998803624612
1446367841104637975,negative,0.004071871504696067
1446367864919896065,negative,0.0010366584211245094
1446367871223934993,neutral,0.34790382830928396
1446367897606107136,negative,0.1668312868068401
1446367915121520673,neutral,0.3342983722804859
1446367975603384334,negative,0.03789117061783503
1446367986735067159,negative,0.026018672059337597
1446368008981516292,negative,0.14230041505084606
1446368028388700165,negative,9.450250777487762e-05
1446368195623989272,negative,0.008347355450027188
1446368204289421369,positive,0.9542043903517397
1446368306592690193,neutral,0.5368658496426753
1446368315954376740,negative,0.0008603692695770272
1446368317699207179,negative,4.844062622402102e-06
1446368335298506780,negative,0.0020736324595894023
1446368359835185169,negative,0.20439966089722336
1446368366017589271,negative,0.0017825344485715127
1446368434485301251,negative,0.007248845542102316
1446368441234042940,neutral,0.3891823245487961
1446368489510481944,positive,0.8576554451666929
1446368511060815911,negative,0.0010903034766486823
1446368534653775907,negative,0.005858667618189886
1446368549023461414,negative,0.02579699643082769
1446368636944461843,positive,0.8460987560349379
1446368686311419917,negative,0.056472041801397505
1446368723946909700,negative,4.1271490004627475e-05
1446368932408012822,negative,0.0010903034766486823
1446369001211375628,neutral,0.3891823245487961
1446369040306302979,negative,0.2845362620613159
1446369041367527426,negative,0.2845362620613159
1446369050649452545,negative,0.2845362620613159
1446369059944103941,negative,0.2845362620613159
1446369060783075363,negative,0.014432604368729656
1446369069775536130,negative,0.2845362620613159
1446369079179177987,negative,0.2845362620613159
1446369088092004360,negative,0.2845362620613159
1446369097415946240,negative,0.2845362620613159
1446369106492473344,neutral,0.5220232556340739
1446369115594125312,negative,0.2845362620613159
1446369124758671366,negative,0.2845362620613159
1446369265695797262,positive,0.9542043903517397
1446369305961115674,negative,0.0254673360965561
1446369365503455268,negative,0.09416008715755249
1446369465424359442,negative,0.034135052757557446
1446369598950027273,negative,0.0010903034766486823
1446369670399995950,positive,0.9542043903517397
1446369672346152963,negative,0.1513535362558061
1446369716017246222,negative,0.021826632448675207
1446354670973300754,negative,0.01028063114757245
1446354670994132995,negative,0.007734099332722875
1446354671854104581,negative,0.0928295277487896
1446354672399364122,negative,0.039016117621131156
1446354672696979457,negative,0.0023247188680475665
1446354672722219015,negative,0.0012365004776935318
1446354672990760968,negative,0.005030311046554208
1446354675276595200,positive,0.7371313016664235
1446354676505587729,positive,0.9941025325135635
1446354676681748498,negative,0.22402749541706873
1446354680163053569,negative,0.0023275178216202227
1446354681333264384,negative,0.03717326006823073
1446356332114812928,positive,0.9705166750996772
1446356341757517824,negative,0.00048610459093447475
1446356361546248205,neutral,0.49789225920557484
1446356362280198144,negative,5.36352936798012e-05
1446356367107895296,negative,0.02551135338774766
1446356386963730453,negative,0.22727451274474617
1446356388368760832,positive,0.9705166750996772
1446356399429201923,negative,0.03705454441568851
1446356410468610052,negative,0.061410861015310333
1446356411064127488,negative,0.0069625827220680765
1446356412213481472,negative,0.000622553949775904
1446356448284454933,negative,0.0010835059992059055
1446356450364829714,negative,0.21252449133260928
1446356468333228048,negative,0.00043582278892912785
1446356482073796608,negative,0.011097336233949946
1446356485584400399,negative,0.0029073183804440355
1446356491502510080,negative,0.013627375494559257
1446356501078159376,negative,3.312615999030982e-08
1446356501619224598,negative,9.158448277954266e-11
1446356526453698585,negative,0.013842182491454805
1446356547592990746,positive,0.9705166750996772
1446356548817768449,negative,0.0018044191972823385
1446356551850135553,negative,0.07094182253134768
1446356567025201184,negative,0.0007892730774780802
1446356568757448730,negative,7.446479071061312e-12
1446356572691705865,positive,0.9984733418615056
1446356573497012233,negative,0.0003128985273300414
1446356578563731466,negative,0.02448637201223305
1446356584301539344,neutral,0.6467290023927925
1446356593696780289,negative,0.03068643996658699
1446356595781287936,positive,0.9705166750996772
1446356596506890240,negative,1.58710592236713e-05
1446356599606554642,neutral,0.42914639764021056
1446356600386695176,negative,0.018345646324378146
1446356602462875664,negative,3.7091477961149164e-18
1446356607554752514,negative,0.0009867346263043805
1446356610377527322,positive,0.7218777809206666
1446356652333150234,negative,5.290813307728517e-07
1446356658851098629,negative,0.001831402228834705
1446356659903811585,negative,0.021998468988025457
1446356661241851924,negative,0.012958524799281017
1446356664978853890,negative,0.003225485963409713
1446356679730372609,negative,0.0001021810797336287
1446356694091640838,negative,0.014681409790056714
1446356702027264023,negative,0.004248573388601456
1446356703663042582,negative,0.2274877181857039
1446356728396800000,negative,0.004356335285593198
1446356730716332034,negative,0.001831402228834705
1446356731051847697,neutral,0.46127768308170247
1446356736860958745,negative,0.0010432788861208043
1446356737976676355,negative,2.5816857177513063e-06
1446356741805981698,negative,0.01386270565118178
1446356742758150168,negative,2.576365826023636e-13
1446356751511662614,negative,1.89868149849358e-09
1446356760521027594,neutral,0.3509189870633568
1446356765529059328,negative,0.032093477621461045
1446356775960072195,negative,0.23211675885171917
1446356782176219141,negative,2.1581534555674116e-07
1446356782528483330,negative,0.014019121530632579
1446356784797691905,positive,0.9705166750996772
1446356800878620675,negative,0.0171040393534017
1446356803462201347,negative,0.000622553949775904
1446356816548540422,negative,0.013173102763768095
1446356816942804992,negative,0.009925903708270924
1446356818427588623,negative,0.011777542543880835
1446356824366723093,negative,0.007092349539666867
1446356824547078150,neutral,0.6316068650172899
1446356834361749507,negative,0.0025281865136225564
1446356846189678597,negative,0.002279208382723501
1446356846969827331,positive,0.9705166750996772
1446356856998408211,neutral,0.45310384256447656
1446356857250095105,negative,0.012958524799281017
1446356861658279938,neutral,0.6487672552210214
1446356862325174298,negative,0.0045073552760650625
1446356870667456514,negative,0.0016365493137814786
1446356889223245840,negative,0.08610726704039842
1446356890347319315,positive,0.6907069090752327
1446356897368584227,negative,3.648175138298553e-05
1446356914158383136,negative,0.032093477621461045
1446356917392191520,negative,0.03490407903686345
1446356923327131649,negative,2.9642802528038547e-06
1446356932542017552,negative,0.01462144034849298
1446356956650876930,negative,3.5081272361150565e-08
1446356995200725006,negative,0.0052902890446566205
1446356998870667265,negative,0.09105993140359062
1446357008102445056,positive,0.9705166750996772
1446357014133846016,negative,0.0029073183804440355
1446357029883424785,negative,0.32195147969670806
1446357030495793177,negative,0.0003613985206201626
1446357038406250520,positive,0.9705166750996772
1446357041166102555,negative,0.0008739090298219689
1446357044081143825,negative,0.000622553949775904
1446357068278083596,negative,0.11170905943866516
1446357073067978764,negative,0.005344936388565506
1446357082282864649,positive,0.9705166750996772
1446357100251262976,negative,6.326504763216991e-06
1446357112788037658,negative,1.766186755482944e-08
1446357128780918817,negative,0.003641626766792462
1446357134698975232,negative,0.03905409548659458
1446357145633632258,neutral,0.4744541669089408
1446357149291065362,negative,0.007092349539666867
1446357152696655877,neutral,0.3448790642808818
1446357166315741184,negative,0.0006526837301682907
1446357187178213385,negative,0.0013885030369890632
1446357187782078473,negative,0.3196833604106355
1446357189711573006,negative,0.167083130188002
1446357195457769517,negative,0.20035021907538622
1446357203842129920,negative,0.032093477621461045
1446357209831534601,negative,6.068945040250863e-06
1446357211219963934,neutral,0.3509189870633568
1446357254656176164,neutral,0.3614333242762434
1446357257143398400,negative,0.011050418695799686
1446357261274820608,neutral,0.4044060970846713
1446357265381011461,negative,0.08982089949821437
1446357266798686216,neutral,0.49789225920557484
1446357280337895425,negative,0.18755371204710145
1446357287732457488,negative,0.018031631070167614
1446357313724559387,negative,0.001674381112932987
1446357332062056469,negative,0.016913990464127438
1446357339955736594,negative,0.0016365493137814786
1446357362676092930,negative,0.0008739090298219689
1446357369231978510,negative,0.008648843357825406
1446357378748792832,positive,0.9941558302483734
1446357382402088962,negative,0.0018856271937212805
1446357396520120331,negative,0.057024740785857626
1446357397816049670,negative,0.057024740785857626
1446357398973661184,negative,0.057024740785857626
1446357400404045827,negative,8.659708878008566e-05
1446357400555040773,negative,0.2643705564964003
1446357400949346304,neutral,0.5046579563248321
1446357438513491983,negative,0.0017722011501259715
1446357454808391680,negative,1.1158478495937774e-14
1446357458633568270,negative,0.18406992840719397
1446357463788367899,negative,0.18406992840719397
1446357473183608838,neutral,0.49789225920557484
1446357476182482944,negative,0.001530654277043337
1446357482604015616,negative,0.0029073183804440355
1446357530473648128,negative,0.0334235598087728
1446357531253776384,negative,0.012451078517517016
1446357539902402568,positive,0.9022685074103028
1446357544860102656,positive,0.9780249990002066
1446357545048813579,negative,0.02551135338774766
1446357545854119989,negative,0.04162749423140795
1446357550740484118,negative,3.905639436037869e-07
1446357562417426460,negative,0.04139385453207494
1446357566435610624,negative,1.2804451554574818e-08
1446357585729368085,neutral,0.4147342023902695
1446357598610075652,negative,0.0007892730774780802
1446357604779896840,negative,0.006574315331707643
1446357606910603266,negative,0.012958524799281017
1446357610039554053,positive,0.7065410155560602
1446357618444939282,positive,0.9705166750996772
1446357618998620160,negative,0.02127229587530529
1446357619212488704,negative,0.145779073095437
1446357626544140311,negative,1.925905362099336e-06
1446357633842229257,negative,0.020953030696469727
1446357642662850573,negative,0.04588426468082811
1446357647737958412,negative,0.01682037838401126
1446357648480350238,positive,0.9705166750996772
1446357649201770502,negative,0.04752182036396987
1446357649411485720,negative,0.0016365493137814786
1446357663772774400,negative,0.0023275178216202227
1446357669028241408,negative,1.78539919224173e-06
1446357680076042278,negative,0.15041364577054858
1446357692994498568,neutral,0.6467290023927925
1446357694974210069,negative,0.032093477621461045
1446357695494303769,negative,0.017486406345868
1446357696609988615,negative,0.012091518765581967
1446357701240500234,negative,0.0030044242640176492
1446357703446704136,positive,0.763002810169018
1446357707179634694,negative,0.006264567740229256
1446357718613307417,negative,0.1559100896189049
1446357723579363353,negative,5.073316291462112e-08
1446357734899789856,negative,5.36352936798012e-05
1446357741082193937,positive,0.9705166750996772
1446357749068148736,negative,0.020850632997822815
1446357760464072718,negative,0.0007890815166315799
1446357762171154437,positive,0.9705166750996772
1446357764025036808,negative,5.768975343452587e-07
1446357775089610754,negative,0.01320546419291567
1446357777446809600,negative,1.5638416070613185e-11
1446357779904671751,positive,0.9930356908024405
1446357784262553625,negative,0.001831402228834705
1446357793431302170,negative,0.008881143656776261
1446357799919931392,negative,7.622052779312213e-06
1446357818039283731,neutral,0.3509189870633568
1446357822581714944,negative,3.0622379420181704e-08
1446357832887046144,negative,0.004700718099973094
1446357842999586821,negative,0.007092349539666867
1446357844656336927,neutral,0.3438159948065724
1446357846438735874,positive,0.9705166750996772
1446357848397651968,negative,0.07494646122668072
1446357851786653720,negative,2.7300678566863916e-08
1446357862029135872,neutral,0.3509189870633568
1446357877275435008,negative,0.08395219487354622
1446357902650978310,negative,0.09266299514601736
1446357905872203794,negative,0.0009867346263043805
1446357908892102661,negative,1.8394571612376116e-05
1446357910871814163,negative,0.0011724167502704245
1446357913635860493,negative,0.09105993140359062
1446357934548660225,negative,0.012973467767426063
1446357942836596736,negative,0.008391606319929298
1446357950906445829,negative,0.040982262050292
1446357968426053635,negative,0.0017308291967856593
1446357984406351875,negative,0.0012568047970879066
1446357988671959059,negative,0.21770002172262204
1446357992807542801,negative,0.13280386948551454
1446358003473584128,negative,0.00010727530854074518
1446358052064669699,negative,0.0069625827220680765
1446358070368645120,negative,3.359083546774645e-05
1446358076651679768,negative,0.001530654277043337
1446358078325084160,neutral,0.4453159512544779
1446358081269649408,negative,0.308217812440542
1446358087259074563,negative,0.11170905943866516
1446358096302026752,neutral,0.4058139280652641
1446358104354873344,negative,0.1142828195446325
1446358113070821388,negative,0.004356335285593198
1446358124361887753,positive,0.9705166750996772
1446358133627105296,negative,0.06209022087173969
1446358135204163588,positive,0.8190843449763949
1446358139843063815,neutral,0.5490974901374912
1446358141126520852,neutral,0.5476060832991556
1446358154653151235,negative,0.224104242198485
1446358156230205440,neutral,0.3509189870633568
1446358161892519941,negative,5.768975343452587e-07
1446358177155592222,negative,0.009686066631859057
1446358190166323201,negative,0.14685681122297617
1446358193341349888,negative,0.002551332265602944
1446358202107383812,negative,9.586779343665594e-05
1446358209070051343,negative,0.001831402228834705
1446358221887844383,negative,0.0334235598087728
1446358232243580931,negative,6.032943934398588e-14
1446358239151599632,positive,0.9705166750996772
1446358248584589335,negative,0.17816761266750927
1446358257937887245,neutral,0.3509189870633568
1446358275704959005,neutral,0.3509189870633568
1446358302284263437,neutral,0.3509189870633568
1446358303076986900,negative,1.6681806744291564e-05
1446358312254124032,positive,0.8190843449763949
1446358340595036161,negative,0.09105993140359062
1446358349856059415,neutral,0.4564098393330551
1446360203922976768,negative,0.017139584250361408
1446360205076443136,negative,0.032093477621461045
1446360230250622991,negative,0.019270127227097693
1446360233731895318,positive,0.9705166750996772
1446360248479068189,negative,0.0413450564062928
1446360281827979289,negative,2.4220975463951585e-06
1446360286085226497,negative,1.0160921440317104e-14
1446360296952639513,negative,0.01462144034849298
1446360307572617231,negative,0.012958524799281017
1446360311364268045,negative,0.001831402228834705
1446360328950984729,negative,0.0003323831226210695
1446360333434695680,negative,0.0026702910558894437
1446360354662068232,positive,0.7887997702880977
1446360357790957569,negative,0.08710415911748388
1446360366276038656,neutral,0.3509189870633568
1446360375432261638,negative,0.0001864467523167271
1446360380905828375,negative,0.09105993140359062
1446360385393733656,negative,0.07781976191627418
1446360393883004958,negative,0.012451078517517016
1446360398849060873,negative,0.005621810981768809
1446360401436979200,negative,0.025151594578008266
1446360403194359818,negative,0.002092763595051396
1446360407166365714,negative,0.03201105987787905
1446360417585016844,negative,0.021168791627414217
1446360463583813638,neutral,0.4616337012000216
1446360478029070336,negative,9.032884691712857e-06
1446360478255624196,negative,0.0044372815675318734
1446360482139549711,negative,0.329357737176033
1446360486702895104,negative,0.329357737176033
1446360496005951488,negative,0.0003751557583559099
1446360496433733632,negative,0.006130159279735427
1446360499550052352,negative,0.17049253340523368
1446360500724510737,negative,6.232295647759927e-14
1446360516335710222,negative,0.018359139340183146
1446360529694568464,negative,0.13228263470177895
1446360532299231268,negative,0.11577663866240225
1446360548644360192,negative,0.004356335285593198
1446360552452861967,negative,4.4480583051101344e-05
1446360566151458823,negative,0.012958524799281017
1446360578029727751,negative,0.0006197963504319374
1446360598497931291,negative,1.881682615568053e-05
1446360605414338566,negative,0.15041364577054858
1446360606936870928,negative,0.13228263470177895
1446360620211843118,negative,0.012958524799281017
1446360622699003904,negative,0.003694409632217397
1446360662633033730,negative,0.007092349539666867
1446360692370649088,negative,0.07723114729988836
1446360695658909696,negative,0.013438996165498752
1446360708225118217,negative,0.012958524799281017
1446360710695563308,negative,1.4151259415601204e-06
1446360713023291394,positive,0.9031610013570691
1446360713317003267,negative,5.696633814987046e-06
1446360715435126799,negative,0.004356335285593198
1446360719511990275,negative,0.16353408249906512
1446360723458768896,negative,0.02351253266036524
1446360725522427913,negative,1.7008903035767492e-07
1446360735789903873,negative,0.17755846904672185
1446360735941079053,negative,0.08010906965011809
1446360751787106305,negative,0.00013748166106129184
1446360753422938128,negative,4.536726255729502e-05
1446360756107292675,neutral,0.3509189870633568
1446360767364804614,negative,0.010457583091600268
1446360771093540871,negative,1.3404873268016763e-07
1446360774537064458,negative,0.009210302819733085
1446360776067981312,negative,0.17755846904672185
1446360780211986432,negative,0.15813446003056847
1446360797689622685,neutral,0.3509189870633568
1446360802571784192,negative,1.4425113707925777e-05
1446360813346992128,negative,0.03822916174416931
1446360827016196126,neutral,0.4815925799956634
1446360835136368661,negative,2.3525331069892424e-05
1446360836474351619,negative,1.638932163085864e-05
1446360849023709200,positive,0.9705166750996772
1446360867784830983,negative,0.025151594578008266
1446360869206700037,negative,0.01462144034849298
1446360874160214016,negative,0.10617516997415342
1446360877687582742,negative,6.493409723980796e-13
1446360880627789833,negative,0.00010727530854074518
1446360882448117761,negative,0.04555222019830637
1446360894162808835,negative,1.9563903786488088e-07
1446360895026761728,negative,4.4480583051101344e-05
1446360901469286426,negative,1.89359094755221e-06
1446360902329118743,negative,0.080140584127549
1446360903688101889,negative,0.012958524799281017
1446360912173088768,negative,0.009375775547706685
1446360922231091221,negative,0.03335919651277707
1446360930632282118,negative,0.022342564231902777
1446360936957292549,negative,0.0018044191972823385
1446360957282828288,negative,0.012958524799281017
1446360960793522194,negative,0.032093477621461045
1446360962718707719,negative,0.012958524799281017
1446360968829808656,negative,3.3950374874888306e-15
1446360969928716291,negative,0.2587430800731533
1446360970645942273,negative,7.938281064221822e-05
1446360975972708365,neutral,0.3509189870633568
1446360978665451547,negative,1.7286478135478292e-11
1446360988287184898,negative,0.224104242198485
1446360998630338575,negative,0.10617516997415342
1446361017840250892,negative,0.012958524799281017
1446361022500122671,negative,0.0413450564062928
1446361028363759643,negative,2.8670144895600925e-07
1446361031874392071,neutral,0.551948752383435
1446361043463254042,neutral,0.3509189870633568
1446361044390195207,positive,0.9982577152908316
1446361047087132681,negative,0.007467019526443372
1446361050228666392,neutral,0.49079226165750656
1446361057732276235,negative,0.009198385001625415
1446361066905219099,positive,0.8434946550983028
1446361067953790977,negative,0.32608173196509305
1446361070801727515,negative,1.6084302410584205e-05
1446361078846402567,negative,0.000622553949775904
1446361079106445312,neutral,0.3509189870633568
1446361086438092850,negative,0.10237965755543384
1446361088434581523,negative,0.06037925869544951
1446361091215405097,negative,0.1090202952748682
1446361100379959296,negative,3.689029849136488e-12
1446361106465837056,negative,0.014041444349831166
1446361108152033281,negative,0.0033578329386134784
1446361123058561050,positive,0.9947768899241435
1446361130608308232,negative,0.022709717561747913
1446361132718043152,negative,6.6989830035247e-05
1446361133921808389,negative,0.001831402228834705
1446361135716970502,negative,4.813793374905562e-06
1446361140909518848,neutral,0.45590692302749436
1446361149822406656,negative,5.073316291462112e-08
1446361162392743953,neutral,0.4147342023902695
1446361164527644715,negative,0.0029073183804440355
1446361176976338951,negative,1.1749755877111065e-08
1446361187470426112,neutral,0.4294961217407068
1446361191853535238,negative,0.0003221796467078263
1446361198702829569,negative,0.009185418672065505
1446361213429035026,negative,0.13134146648586567
1446361218067935254,negative,0.003871479854074348
1446361219984732165,negative,0.14447905965676083
1446361230663430164,negative,0.1559100896189049
1446361242457812994,negative,1.1815603729440163e-07
1446361245431513088,negative,0.021168791627414217
1446361249701376024,negative,0.012958524799281017
1446361251441905665,negative,1.8394571612376116e-05
1446361265077694470,negative,0.029085877438616833
1446361274028204035,negative,1.2287890319340973e-05
1446361290453233669,negative,0.00682620732519729
1446361295452782592,negative,0.015002616858590181
1446361295457067008,positive,0.9705166750996772
1446361298296582171,negative,0.0017502949858607827
1446361312397828098,negative,4.536726255729502e-05
1446361328952750094,positive,0.9705166750996772
1446361329439232000,positive,0.9375866245180771
1446361336510697473,negative,0.0069625827220680765
1446361342500352019,negative,0.012279880795201962
1446361366080729090,negative,0.07494646122668072
1446361366995087362,negative,0.1376312842168596
1446361385475190803,negative,3.460239912582885e-06
1446361387412959236,negative,0.012451078517517016
1446361399479898112,negative,2.419849769616721e-07
1446361404282449924,negative,0.0008093413395965753
1446361420468269082,negative,0.032093477621461045
1446361424360583170,negative,0.003225485963409713
1446361425782452253,neutral,0.44193654077446254
1446361427577614343,positive,0.9705166750996772
1446361434854547456,negative,0.14835025097575333
1446361442626777127,negative,0.00014651279682913724
1446361444254167040,negative,0.0002066408196274566
1446361449694179350,negative,0.004356335285593198
1446361465179549709,negative,4.8911007801851984e-08
1446361474558013456,positive,0.9705166750996772
1446361497358250011,negative,3.4856209423304448e-12
1446361503247052825,negative,0.18871111716238279
1446361505692332060,negative,4.536726255729502e-05
1446361510494810114,negative,0.003990346358983489
1446361518413656100,negative,0.004700718099973094
1446361530853961747,negative,5.271772646298825e-05
1446361535593525276,negative,3.4903548791690034e-06
1446361537304801298,negative,0.00018448741646065714
1446361552685314077,negative,0.0002658006613664618
1446361554384007187,positive,0.9932197365052224
1446361564974624782,negative,0.005621810981768809
1446361570238476296,negative,2.0441952709828253e-06
1446361576345382926,negative,0.00036088362767552743
1446361579390447628,negative,0.001831402228834705
1446361580527136768,negative,0.0015390220914167597
1446361589892984876,neutral,0.3509189870633568
1446361590736039949,neutral,0.34832293473279796
1446361591683952696,negative,0.059663605858472864
1446361596125720609,negative,0.010642808644874312
1446361603096653834,negative,4.536726255729502e-05
1446361608134012936,positive,0.9705166750996772
1446361619290861586,negative,5.49332118855945e-05
1446361619987116077,negative,0.00039543715007359765
1446361630149914647,negative,0.0037115095744091045
1446361654468489245,negative,0.032093477621461045
1446361657513365504,negative,0.0016365493137814786
1446361660009164810,negative,0.012958524799281017
1446361662781599758,negative,0.012958524799281017
1446361676048183297,negative,0.020182719861778307
1446361684285796378,negative,0.0009560185440381759
1446361705030823957,neutral,0.3509189870633568
1446361718905581596,negative,0.22899589109530633
1446361726543409176,negative,0.08453193820263957
1446361736077004800,negative,8.853605326749582e-08
1446361746931920897,positive,0.9705166750996772
1446361753089159168,negative,0.03160105274672196
1446361772718501896,negative,0.010457583091600268
1446361775516102664,negative,0.04088216285627215
1446361793048293399,negative,0.0011562514857497228
1446361805903835161,negative,0.032093477621461045
1446361822873989132,negative,0.09105993140359062
1446361823956119583,negative,0.10052886372746354
1446361842310393894,negative,0.007310192979958171
1446361863751675906,negative,0.1559100896189049
1446361866775769099,negative,0.0029073183804440355
1446361868537376774,negative,0.24275844587777837
1446361873444712477,negative,0.0037461494001110505
1446361890938966026,negative,8.149115666386428e-05
1446361894042939425,negative,0.0011705350659215602
1446361896937009166,neutral,0.49789225920557484
1446361953623027730,negative,0.2712318664211492
1446361974842007553,negative,0.014349309335562634
1446361981934579741,negative,0.012451078517517016
1446361991669559298,negative,0.12461161005729368
1446362034392739852,negative,3.915244059005132e-07
1446362044689756191,negative,4.475044050074472e-11
1446362044878499858,positive,0.6809054778324221
1446362060091240470,negative,0.05330564887106985
1446362089304567821,negative,0.025012324274210823
1446362093553397784,negative,0.0069625827220680765
1446362102529208326,negative,0.111739985360164
1446362115615436812,negative,7.615654958011478e-09
1446362120736682000,neutral,0.3509189870633568
1446362144627437591,positive,0.9705166750996772
1446362148591054868,negative,0.008513399843091725
1446362151636119563,neutral,0.5843215573717274
1446362160901337089,negative,1.638932163085864e-05
1446362164722339840,negative,0.0005921606723330675
1446362165489905690,neutral,0.3427828150972732
1446362185299603473,positive,0.763002810169018
1446362190534094884,positive,0.9705166750996772
1446362199224692759,negative,0.00019527902260947316
1446362199585402906,negative,1.0080890326429989e-05
1446362204152938498,negative,0.004356335285593198
1446362205193187348,negative,1.9352888531693084e-07
1446364041350426644,negative,0.009110504571749287
1446364052373057562,negative,0.012958524799281017
1446364055116132364,positive,0.9705166750996772
1446364061466308642,negative,0.295081694743011
1446364064918220801,positive,0.9932197365052224
1446364066189094917,negative,0.012958524799281017
1446364091082289166,negative,0.00010727530854074518
1446364093619843078,negative,0.12564796255384225
1446364102021033986,negative,3.6990536545703254e-07
1446364106282446852,negative,0.06625058824034209
1446364107758841864,neutral,0.3509189870633568
1446364116549918722,positive,0.9226265136255356
1446364116768071682,neutral,0.4453159512544779
1446364117493694465,neutral,0.4453159512544779
1446364122694758438,negative,4.536726255729502e-05
1446364129506308104,negative,0.0026784066113431215
1446364130294837249,negative,0.006763957414208724
1446364140679933958,negative,0.03068643996658699
1446364144568053779,positive,0.9705166750996772
1446364149420724228,negative,1.8394571612376116e-05
1446364149878042661,negative,7.622052779312213e-06
1446364151849406464,neutral,0.3432313421699648
1446364154533720102,negative,0.0025281865136225564
1446364179301085201,negative,2.9468396146025248e-05
1446364196300599316,negative,0.00010727530854074518
1446364198372585493,negative,1.2355686090429091e-05
1446364215992856591,positive,0.6868518732887798
1446364220040359951,negative,0.029085877438616833
1446364220568842251,neutral,0.3509189870633568
1446364231939600408,positive,0.9705166750996772
1446364232619077668,negative,3.459529280879447e-11
1446364234019966976,negative,0.0025281865136225564
1446364244971302928,positive,0.9705166750996772
1446364251677995015,positive,0.9344938306397181
1446364253699649571,negative,2.0843986009116788e-07
1446364258204332033,negative,0.02188327771929677
1446364258879557632,neutral,0.551948752383435
1446364260108546059,negative,0.07723114729988836
1446364282405466112,negative,0.1412047257546887
1446364289229598733,neutral,0.3509189870633568
1446364299820216363,negative,0.004787536790116265
1446364309265788976,neutral,0.3316518245140559
1446364311698485254,positive,0.9705166750996772
1446364314072461319,positive,0.763002810169018
1446364314995208198,negative,4.250974026825983e-07
1446364321177612325,negative,0.224104242198485
1446364322708410368,negative,3.752689259744592e-07
1446364322775642122,neutral,0.458452529704962
1446364365167472673,negative,0.032093477621461045
1446364367482728454,negative,0.3251894925263047
1446364369038675968,positive,0.9226265136255356
1446364369550385154,neutral,0.4453159512544779
1446364371274379266,negative,4.130760187881438e-11
1446364383999897641,negative,0.13228263470177895
1446364403050426378,negative,0.0008882369455347755
1446364405520871457,negative,8.179577037360139e-05
1446364427322863650,negative,0.004836139176823407
1446364430133047305,negative,0.00010727530854074518
1446364432444055552,negative,0.0016365493137814786
1446364445819744257,negative,0.021168791627414217
1446364484113739841,negative,0.0010430064380772062
1446364485829099520,negative,0.14078468130847557
1446364493605449740,negative,4.2145898920284025e-11
1446364503717916673,negative,0.0001584872127921475
1446364538543034373,negative,0.0002435185260823896
1446364541441486848,negative,0.07179636964782715
1446364545270886400,negative,0.0068034499709149
1446364557308538884,negative,0.03068643996658699
1446364562694025241,negative,0.07713159364849244
1446364562937294885,negative,1.5080076619684445e-08
1446364594843365422,negative,6.182137589917313e-05
1446364597234118656,negative,0.17870406990277962
1446364598391746587,negative,0.029085877438616833
1446364616473391122,negative,0.0026702910558894437
1446364624685838344,negative,0.006931303559913345
1446364625063325725,negative,0.24275844587777837
1446364626560692243,positive,0.9705166750996772
1446364634555035648,negative,0.13228263470177895
1446364641290899465,neutral,0.3509189870633568
1446364648849223704,negative,0.01462144034849298
1446364650950570053,negative,0.005192111966722422
1446364660022849559,negative,0.03705454441568851
1446364661478273029,negative,0.012958524799281017
1446364663827083267,negative,0.12862685265640675
1446364691673067524,negative,0.08453193820263957
1446364695666044937,neutral,0.49079226165750656
1446364708366340096,negative,0.008152547960629194
1446364712988520459,negative,0.00596210592115334
1446364713407950849,negative,0.007092349539666867
1446364715609960452,neutral,0.45239594428342356
1446364719544164353,negative,0.0026988195823254117
1446364722341761024,negative,0.013676639932472801
1446364734144528384,negative,5.770864163352005e-06
1446364737458081792,negative,0.010186874646151629
1446364737470672903,negative,0.0109947103782537
1446364737520877570,neutral,0.34641167111205545
1446364741874630656,positive,0.6805584471400741
1446364742805827597,negative,0.015600295542368628
1446364745221746698,negative,1.0572846666950833e-05
1446364750368157713,negative,2.4220975463951585e-06
1446364754461798401,negative,0.0069625827220680765
1446364758974869513,negative,0.02959716452763495
1446364759192973327,negative,8.393156574744366e-06
1446364762737156096,negative,0.0024207776610080537
1446364770148495362,negative,0.0009861101392256003
1446364799819001882,negative,0.009198385001625415
1446364805904936963,negative,1.1055797589971652e-12
1446364815853826070,negative,0.16353408249906512
1446364855343198226,negative,1.6955184571058164e-05
1446364891871391751,negative,0.2585259297995393
1446364893075157009,negative,0.07051145783472226
1446364919713058822,negative,0.062002999110832166
1446364920698769408,negative,2.8937620417384955e-07
1446364923311833088,negative,0.00036291484295735647
1446364932778381313,neutral,0.4951954281386225
1446364933067845643,negative,0.19606491057137496
1446364957352865802,neutral,0.3509189870633568
1446364969126277128,negative,0.001831402228834705
1446364977519075329,negative,0.03201105987787905
1446364979381350419,neutral,0.3509189870633568
1446364989250547737,negative,2.1581534555674116e-07
1446365002152226847,negative,0.0069625827220680765
1446365017490796546,negative,8.020165083639475e-11
1446365019478896649,negative,0.03201105987787905
1446365029905936414,neutral,0.551948752383435
1446365037942222854,negative,0.2490121919387507
1446365042010697731,negative,8.335709755710043e-07
1446365065385553957,positive,0.9705166750996772
1446365066270552095,negative,1.001031353024481e-08
1446365066778062872,negative,0.03885579015383495
1446365069332393987,negative,0.09105993140359062
1446365098881265668,negative,0.023080356947169808
1446365110474321954,negative,0.1508999639272304
1446365111506120717,positive,0.9705166750996772
1446365112114294787,negative,0.002310135161917875
1446365115079667747,positive,0.6868518732887798
1446365117147459697,negative,0.013173102763768095
1446365126886633491,negative,0.0001334601447007735
1446365140044165122,neutral,0.3509189870633568
1446365140706865171,negative,0.005046771163339633
1446365144716619776,negative,0.12805681919399886
1446365154472570896,negative,0.08681326273129093
1446365182675070997,negative,0.013410501386158779
1446365184243740709,negative,0.2712318664211492
1446365185137127437,negative,0.001831402228834705
1446365191348891654,negative,0.2585259297995393
1446365213616451604,negative,0.050180837951351
1446365217512960034,negative,0.08681326273129093
1446365236735455237,negative,1.4151259415601204e-06
1446365244293591042,positive,0.9705166750996772
1446365245535105059,neutral,0.5145106336436297
1446365248701804600,negative,0.10617516997415342
1446365258860404736,negative,3.1385404534216778e-06
1446365263054712842,negative,0.056428962578752836
1446365283539693588,negative,0.0009867346263043805
1446365296953077786,negative,0.07051145783472226
1446365304188252160,positive,0.9705166750996772
1446365311947714565,negative,0.015156110531107643
1446365313008873486,negative,0.00024252683055317212
1446365315521261574,negative,0.06427400833947569
1446365318159511552,positive,0.9705166750996772
1446365326422257667,negative,0.007092349539666867
1446365338434744336,negative,0.0009867346263043805
1446365385251565615,negative,1.9050746264434816e-05
1446365394978041858,negative,0.0019770347081794442
1446365401563213829,negative,0.011835232988680593
1446365408588673028,negative,4.536726255729502e-05
1446365421372911642,negative,0.024813365783513702
1446365421729427482,negative,4.742799753236589e-06
1446365424476696606,negative,0.00596210592115334
1446365427068776467,positive,0.9984733418615056
1446365434119401513,negative,2.3525331069892424e-05
1446365441023225875,negative,2.499185190874825e-05
1446365447524397071,negative,0.14427171425405386
1446365450695290902,negative,0.013676639932472801
1446365460677734418,neutral,0.46127768308170247
1446365477127794726,neutral,0.551948752383435
1446365488389500952,negative,0.004356335285593198
1446365488511135765,positive,0.9705166750996772
1446365499206610970,neutral,0.46127768308170247
1446365501244862466,negative,2.304359404628241e-05
1446365509566541843,negative,0.0028218477680030285
1446365509872611329,neutral,0.4453159512544779
1446365510501871622,negative,0.012958524799281017
1446365511131017227,negative,4.0300109218230485e-05
1446365517183397897,negative,0.009198385001625415
1446365521058934806,negative,5.897317086527091e-05
1446365521092489232,negative,0.00020544684372009604
1446365539157356564,negative,0.224104242198485
1446365540457590792,negative,0.2088720850625493
1446365553703202828,positive,0.9705166750996772
1446365556035235844,negative,0.003982985491294467
1446365565346590727,negative,0.11170905943866516
1446365569729638426,negative,0.09105993140359062
1446365574947352579,negative,0.015879115021060115
1446365579875659782,negative,0.000622553949775904
1446365591825231893,negative,0.20150076441613124
1446365592479543307,neutral,0.3614333242762434
1446365593729445913,neutral,0.49322088831713784
1446365607365128230,negative,0.10581714183153638
1446365612528316416,negative,3.915244059005132e-07
1446365615367860250,positive,0.998292610079041
1446365617859276806,negative,0.0008454320023579679
1446365619700576278,positive,0.9705166750996772
1446365638344200192,neutral,0.3509189870633568
1446365639455641602,negative,0.21820662016645667
1446365639967453208,neutral,0.3499352441185855
1446365657688387614,negative,0.0008551586142481396
1446365677795880982,negative,0.011300208664308553
1446365684544516135,negative,0.07723114729988836
1446365696196292645,negative,0.00295024220448581
1446365704949805082,negative,1.1403834202900047e-06
1446365708229750785,positive,0.9705166750996772
1446365715183906840,negative,2.1581534555674116e-07
1446365740039352350,neutral,0.5901344487281749
1446365740282621976,negative,0.010110932542753095
1446365744070078489,positive,0.8858874607773013
1446365747756871700,negative,0.17215543240515258
1446365761711321112,negative,3.072889384746538e-05
1446365771953811473,negative,1.6955184571058164e-05
1446365780677963807,neutral,0.3403391890910929
1446365795588714500,negative,0.001831402228834705
1446365803176083460,negative,0.013271895766996118
1446365808272289816,positive,0.8581037680051471
1446365834532827142,negative,2.345999777628427e-10
1446365838911680554,negative,0.06689449476103825
1446365847665192975,negative,0.002588530226376186
1446365847707136028,negative,0.0023379686512954257
1446365852270538758,neutral,0.3509189870633568
1446365858410999833,negative,1.5543299785984088e-07
1446365881110573084,neutral,0.5308319090040579
1446365897946509339,neutral,0.49789225920557484
1446365907505328166,negative,0.011957041956345955
1446365907941535748,negative,1.6412387948705393e-06
1446365912655933441,neutral,0.49789225920557484
1446365914832777259,negative,0.0016365493137814786
1446367795890040849,positive,0.951429799200562
1446367798041718807,negative,0.001831402228834705
1446367815024455708,negative,0.00010042595528555085
1446367815737430017,negative,0.0002066408196274566
1446367834314059811,neutral,0.6467290023927925
1446367853033238589,negative,0.011930792463237215
1446367863917457437,positive,0.951429799200562
1446367876873662464,negative,0.00011524152658435264
1446367877997735965,positive,0.951429799200562
1446367879465742356,neutral,0.521672929135958
1446367882691203072,negative,0.032093477621461045
1446367897706770464,negative,0.007092349539666867
1446367904069529633,positive,0.951429799200562
1446367907169120264,neutral,0.3509189870633568
1446367912864985114,positive,0.9780249990002066
1446367920074993710,negative,0.00010727530854074518
1446367923149418505,negative,0.0025789285889624924
1446367931550609440,positive,0.951429799200562
1446367931835822103,negative,1.330936546395396e-05
1446367946801098774,negative,0.016216976171016882
1446367951985299456,positive,0.951429799200562
1446367959421644801,negative,5.754020248941163e-08
1446367960885571614,negative,4.230080236221902e-06
1446367966728237078,negative,1.3935609982831537e-06
1446367977083973647,negative,0.13664041350340383
1446367982259744768,positive,0.951429799200562
1446367984012963868,negative,1.8624998662522493e-14
1446367985300615168,negative,0.00024252683055317212
1446367990715461687,positive,0.951429799200562
1446368011380797457,negative,0.09105993140359062
1446368018464976909,positive,0.951429799200562
1446368018905378835,negative,0.0024871638575040414
1446368020360802304,positive,0.951429799200562
1446368027860033541,negative,0.0008350586727022765
1446368033526722584,negative,0.0016365493137814786
1446368036433375235,negative,0.07676173619958501
1446368046701031437,positive,0.951429799200562
1446368051063107616,positive,0.951429799200562
1446368056419233810,negative,0.030227743281669963
1446368056947716105,negative,3.0384697064135914e-05
1446368058193424418,neutral,0.3509189870633568
1446368058264727569,negative,0.0013657338591364233
1446368058315059204,negative,0.11170905943866516
1446368059011313725,negative,0.0004977271330477884
1446368059787259946,negative,0.013603407685466022
1446368068838506496,positive,0.951429799200562
1446368077571108895,positive,0.9705166750996772
1446368079802417152,negative,0.012958524799281017
1446368082574913552,negative,0.00033905482027699247
1446368083396997158,negative,0.012958524799281017
1446368083585740802,negative,0.000622553949775904
1446368084567207941,negative,0.007092349539666867
1446368095107493936,positive,0.951429799200562
1446368098278207488,negative,0.03201105987787905
1446368101398814721,negative,2.329203122464926e-05
1446368103009562663,neutral,0.4099318409918189
1446368105802969112,negative,6.730761791233172e-10
1446368115789606930,positive,0.951429799200562
1446368118876614681,negative,0.0006485789481654825
1446368124119494669,negative,5.210871074656487e-07
1446368128385101850,positive,0.951429799200562
1446368158013665309,negative,9.610659132713912e-08
1446368162010837009,negative,0.052196242600432124
1446368172333019158,negative,0.0016365493137814786
1446368179312340994,negative,0.00043582278892912785
1446368182697144346,negative,0.09529239566478322
1446368192008499228,positive,0.951429799200562
1446368206134915072,negative,0.21498029177339953
1446368209523912716,negative,0.009249890924044187
1446368210387939336,negative,0.005954396413016788
1446368210736066584,positive,0.951429799200562
1446368219401498646,positive,0.951429799200562
1446368229585268753,positive,0.951429799200562
1446368234928812051,negative,0.02616669261270453
1446368236942077979,negative,7.648262965572955e-11
1446368244940615694,positive,0.951429799200562
1446368250036695080,negative,1.3060812073653697e-05
1446368250317713427,positive,0.951429799200562
1446368256776941577,negative,0.002341809142021422
1446368261898186771,negative,0.03701734239262492
1446368269024309277,neutral,0.3895444691043804
1446368270555230230,negative,5.2763372647901805e-12
1446368271914184711,negative,0.001831402228834705
1446368277849124882,positive,0.951429799200562
1446368279015141397,neutral,0.551948752383435
1446368291396603906,negative,0.021503929847760672
1446368303727980572,negative,0.00295024220448581
1446368316755488800,negative,0.18535764425668896
1446368319154630680,positive,0.951429799200562
1446368329619419169,negative,0.0016365493137814786
1446368333113274401,negative,0.001831402228834705
1446368346711207980,neutral,0.45239594428342356
1446368347956916229,negative,0.003891125613129519
1446368349651415074,positive,0.951429799200562
1446368357180190729,negative,0.0032300154462055718
1446368364486668299,positive,0.951429799200562
1446368366130835476,positive,0.951429799200562
1446368366520905743,negative,0.030227743281669963
1446368367934386187,negative,0.224104242198485
1446368369465307145,negative,0.044621422825202185
1446368371658928154,positive,0.951429799200562
1446368379405807623,positive,0.951429799200562
1446368384673853475,negative,0.032093477621461045
1446368395579043846,negative,0.07051145783472226
1446368401241354254,positive,0.951429799200562
1446368403636301855,negative,0.032093477621461045
1446368406807195652,neutral,0.4616337012000216
1446368408082296832,positive,0.951429799200562
1446368431440343060,negative,0.004356335285593198
1446368442274230307,negative,0.03201105987787905
1446368444291690505,positive,0.951429799200562
1446368453569490957,positive,0.9705166750996772
1446368465862996001,positive,0.951429799200562
1446368471034572827,negative,4.536726255729502e-05
1446368471512723472,positive,0.9705166750996772
1446368472640991261,negative,0.15533297340723365
1446368476717854733,negative,1.1922425136074211e-05
1446368483080613892,negative,0.04088216285627215
1446368483231608856,negative,0.005060161085344109
1446368484464734237,negative,0.032093477621461045
1446368485764968474,negative,0.00669557489395857
1446368488810033161,negative,0.007859031662818294
1446368490399674389,negative,0.0006864562016222055
1446368505402699796,positive,0.9705166750996772
1446368512650457100,positive,0.9997368608977459
1446368528613978128,negative,1.0477771340962917e-05
1446368539196207107,positive,0.951429799200562
1446368540660019202,positive,0.951429799200562
1446368545554771984,negative,2.329203122464926e-05
1446368551502295078,negative,0.009210302819733085
1446368561186942988,negative,4.832287115777772e-06
1446368574021513245,negative,0.0008472738490033545
1446368574881345557,negative,8.131757214137228e-05
1446368575288193075,positive,0.951429799200562
1446368575623737363,negative,0.007092349539666867
1446368589364277254,negative,0.09721411121654117
1446368592946212875,neutral,0.3509189870633568
1446368600718258192,negative,0.17545163731790603
1446368602844770315,negative,0.08768905668748112
1446368606665781286,positive,0.951429799200562
1446368608058290183,positive,0.951429799200562
1446368619508740120,negative,1.5940737782598307e-05
1446368630057414661,positive,0.951429799200562
1446368642367696919,positive,0.9705166750996772
1446368666765963310,negative,0.00024252683055317212
1446368675611750401,negative,0.13657609566181192
1446368680745578504,neutral,0.3509189870633568
1446368707433934854,positive,0.951429799200562
1446368718007775236,positive,0.6841194691975587
1446368718326542352,negative,2.329203122464926e-05
1446368719026991123,positive,0.9705166750996772
1446368722533429251,positive,0.7492044081628676
1446368743551086612,negative,0.11337274497138516
1446368753051185204,negative,0.19221927487973692
1446368753361563682,negative,0.08395219487354622
1446368758348591113,negative,0.009757361632765712
1446368761708167168,negative,0.09105993140359062
1446368794427994149,negative,0.0012177809656421254
1446368799725400072,negative,9.969210137634156e-08
1446368801981935653,negative,6.150448149641556e-08
1446368811268124720,negative,0.3038375632684905
1446368813688238093,positive,0.9705166750996772
1446368813713403936,positive,0.9340953187786984
1446368830176047129,neutral,0.49789225920557484
1446368836601720839,negative,0.0069625827220680765
1446368841563582476,negative,0.007092349539666867
1446368844436680724,positive,0.951429799200562
1446368849054609413,positive,0.951429799200562
1446368852762374158,negative,0.055664668347119896
1446368869199851536,negative,0.10617516997415342
1446368894780911623,negative,0.07051145783472226
1446368896244723747,negative,2.1601980299166232e-10
1446368899461754903,positive,0.951429799200562
1446368916394160144,negative,0.07051145783472226
1446368937273405441,positive,0.951429799200562
1446368956718198789,negative,0.2585259297995393
1446368971243073566,neutral,0.4737554465528978
1446368974183280642,neutral,0.4016025539780553
1446368974195863689,negative,0.22197465089604015
1446368975370268679,neutral,0.3509189870633568
1446368983452565512,neutral,0.41359644770540765
1446368988523606020,negative,2.826799189472213e-06
1446368989521850373,neutral,0.3509189870633568
1446369005447622675,negative,2.8026934252935114e-05
1446369008345882624,neutral,0.3509189870633568
1446369010937966646,negative,0.03437685017634531
1446369014238883892,negative,4.252039161663071e-06
1446369014578622483,positive,0.951429799200562
1446369015140659229,negative,4.252039161663071e-06
1446369015623004168,negative,0.0018133021146992073
1446369021255954486,negative,0.007092349539666867
1446369029904609288,negative,0.01462144034849298
1446369041401196592,negative,4.590681520995911e-06
1446369058094526504,negative,0.0006622249369851247
1446369078361403397,negative,9.588786242075669e-08
1446369084942209024,negative,0.03083006432058504
1446369086338969625,neutral,0.3489815426690851
1446369086716456962,negative,0.0004977271330477884
1446369086959726596,negative,0.00011298231636843233
1446369091682512916,positive,0.951429799200562
1446369096107503629,negative,0.00024252683055317212
1446369100238893071,positive,0.6868518732887798
1446369100813512749,negative,0.18871111716238279
1446369102273130506,negative,0.012958524799281017
1446369107830583318,neutral,0.3509189870633568
1446369117137743903,positive,0.951429799200562
1446369118769328147,negative,4.230080236221902e-06
1446369123412422710,positive,0.951429799200562
1446369153158426654,negative,5.0434666895938245e-14
1446369156924911629,negative,1.4997672463389493e-06
1446369157130293252,negative,0.1331841804607499
1446369159525380123,negative,0.2490121919387507
1446369162515918860,positive,0.951429799200562
1446369168513773571,positive,0.951429799200562
1446369170904526870,positive,0.951429799200562
1446369173978951718,negative,5.227698643493565e-08
1446369198528213024,positive,0.951429799200562
1446369220120490008,neutral,0.533342098889499
1446369222469300244,negative,0.007092349539666867
1446369233248661691,negative,0.010418789184865015
1446369240311869452,negative,0.03201105987787905
1446369252349521952,negative,0.009363906813155331
1446369267335770112,positive,0.951429799200562
1446369271467159552,negative,0.13228263470177895
1446369279956430884,negative,0.05247982981484245
1446369284897320998,positive,0.951429799200562
1446369286029783063,negative,0.21441577178399934
1446369290450579458,negative,8.615010130252165e-05
1446369296943362099,negative,0.0037932117598953327
1446369298327482402,negative,0.09789928535029414
1446369303318704129,negative,0.003694409632217397
1446369309735989263,negative,0.001831402228834705
1446369310927171595,negative,0.32123772290228186
1446369324512522265,positive,0.951429799200562
1446369334822121500,negative,0.04088216285627215
1446369337514864672,negative,2.3525331069892424e-05
1446369342136807427,negative,0.19606491057137496
1446369344657764418,negative,0.03201105987787905
1446369352698245155,negative,2.3525331069892424e-05
1446369382247116810,positive,0.9705166750996772
1446369388484046891,positive,0.951429799200562
1446369405731024905,positive,0.9705166750996772
1446369409442983953,negative,0.07051145783472226
1446369411145871362,positive,0.951429799200562
1446369417328275482,negative,0.0019214663053799344
1446369419081527296,negative,0.01462144034849298
1446369420645969966,negative,7.938281064221822e-05
1446369425645580320,positive,0.951429799200562
1446369426790625291,positive,0.9705166750996772
1446369431546966042,positive,0.951429799200562
1446369432738148380,positive,0.951429799200562
1446369435577692162,positive,0.951429799200562
1446369437213470747,positive,0.9705166750996772
1446369439339982881,negative,0.0004965899298570587
1446369440476639246,positive,0.951429799200562
1446369454305259533,positive,0.951429799200562
1446369457144799232,negative,0.004356335285593198
1446369473657778193,negative,0.0018807127118726024
1446369480012148764,negative,0.03201105987787905
1446369486987276292,negative,0.013377436719652937
1446369488740495387,positive,0.951429799200562
1446369490581794825,negative,0.04780452076529289
1446369498316091397,negative,0.032093477621461045
1446369511641395205,negative,4.536726255729502e-05
1446369522198458395,positive,0.951429799200562
1446369533938315275,negative,2.329203122464926e-05
1446369538099064836,positive,0.951429799200562
1446369555731918861,negative,0.0019214663053799344
1446369561541029904,negative,0.1559100896189049
1446369565261377575,positive,0.951429799200562
1446369570030301210,negative,0.0013361654789719
1446369578972557341,positive,0.951429799200562
1446369582021816349,negative,5.768975343452587e-07
1446369587348475907,negative,3.819945963755502e-06
1446369588216803335,negative,0.002368989496070644
1446369599344291879,negative,6.209474324926655e-11
1446369599440760849,neutral,0.3509189870633568
1446369602913644663,negative,0.09218990724148023
1446369609750360106,negative,0.0003390773833182794
1446369612468269084,negative,0.16380991622720215
1446369620156428293,positive,0.951429799200562
1446369620655550490,negative,3.485758906075072e-05
1446369624191348752,neutral,0.5547028969801597
1446369627144138752,negative,0.00010460348719907737
1446369637600538646,negative,0.000622553949775904
1446369638502314006,negative,0.014592125576234774
1446369650347028490,negative,0.009210302819733085
1446369669322059822,negative,0.05713700347650034
1446369675785482264,negative,0.007027246939387601
1446369680587960326,positive,0.8337863989905029
1446369681745588227,positive,0.8850647190195803
1446369681758171153,negative,0.009110504571749287
1446369682437648398,negative,0.01462144034849298
1446369684618686497,negative,0.006264567740229256
1446369685843423241,negative,0.001831402228834705
1446369693711937538,negative,0.001831402228834705
1446369698225008640,positive,0.951429799200562
1446369700661899296,negative,0.012958524799281017
1446369704378052649,negative,0.006715766564251534
1446369712703746086,negative,0.05461518478061778
1446369713555189797,negative,0.012958524799281017
1446369718126981145,positive,0.951429799200562
1446369721625030665,positive,0.951429799200562
1446369741564751879,positive,0.951429799200562
1446369744215552035,negative,0.00010727530854074518
1446369752578994184,negative,0.029085877438616833
1446369758786564115,positive,0.951429799200562
1446369764046221316,negative,0.00026259369183066484
1446359639482843136,neutral,0.3576034239820586
1446364838574370836,negative,7.629154129297924e-05
1446355254790873092,negative,0.000109393303257266
1446357120983707680,negative,1.571693813049155e-11
1446359253573382193,neutral,0.49789225920557484
1446360601689657346,negative,0.034543524612300675
1446363078266925102,negative,0.31820487300311295
1446365334315749379,neutral,0.49789225920557484
1446368384770322462,negative,4.4941175199461827e-05
1446356327547219984,negative,0.03201105987787905
1446356603175907328,negative,0.0002914175270105183
1446357281868820510,neutral,0.46364466503952073
1446357483975553027,negative,0.1518396769058795
1446360310051450902,negative,0.14683166346775112
1446361074966671378,negative,0.05246331073576661
1446363810441302017,negative,0.03201105987787905
1446364091803709452,negative,5.366586934369968e-05
1446364383140065304,negative,5.366586934369968e-05
1446364471975424005,negative,0.05363453975986683
1446364518024687617,negative,5.366586934369968e-05
1446364692813918240,negative,0.05363453975986683
1446364911848861721,negative,0.03086788633839736
1446365437541953550,negative,5.366586934369968e-05
1446365467342483464,negative,5.366586934369968e-05
1446365548548403210,neutral,0.49789225920557484
1446367861539287045,negative,5.366586934369968e-05
1446367884918337540,negative,0.04923673166604426
1446368000010039309,negative,5.366586934369968e-05
1446368120910852107,negative,5.366586934369968e-05
1446354703433060352,negative,0.0007106691243782614
1446354714002661376,negative,0.04777834093409428
1446354762950221824,negative,0.0001742467601534725
1446354864716591117,negative,0.0017868186834474934
1446354959344283657,negative,0.00013109719827068237
1446355005196414989,negative,0.00030509498007838184
1446355171404128256,negative,1.4693162327740237e-06
1446355202777493511,negative,5.0896059047693596e-05
1446355308939522057,negative,1.298761651636736e-06
1446355346432405504,negative,4.0842179263130644e-10
1446355347690692609,negative,0.0017868186834474934
1446355381689757696,negative,0.0014082087930310544
1446355401637781505,negative,4.0842179263130644e-10
1446355744325054490,negative,0.00048300524142016376
1446355769969025025,negative,4.0842179263130644e-10
1446355934641524736,negative,0.024475245540172996
1446355947832684571,negative,6.091822694709978e-05
1446355986747437079,negative,3.6058516718154527e-13
1446355994771083265,positive,0.8212728880631791
1446355996172038165,negative,0.0001742467601534725
1446356031748124673,negative,0.0012136408840573026
1446356117089628172,negative,0.031492838551521886
1446356174027304966,negative,0.001455087824588766
1446356317673754624,negative,0.006540108180469833
1446356399160709120,negative,2.0398288954937393e-10
1446356520984326149,negative,0.00021105125113114395
1446356550810021907,negative,0.11737907475212489
1446356599136792591,negative,4.0842179263130644e-10
1446356628995854336,negative,0.09757379467302332
1446356718515101697,negative,0.00019071922341306528
1446356740350619668,negative,0.012102285454817119
1446356764451037186,negative,7.321262533147415e-06
1446356796009033731,negative,0.00021105125113114395
1446356873876103169,negative,0.16162955086206265
1446356877617639424,negative,0.00013109719827068237
1446356891161014290,negative,1.5190873903720204e-05
1446356898060644378,negative,4.1185542268066824e-06
1446356949809967114,positive,0.8212728880631791
1446356962724229122,negative,0.11737907475212489
1446356962938138646,negative,0.00011327870239554243
1446356976410243084,neutral,0.540955866904492
1446356986476572675,negative,9.90602442591461e-07
1446357017271152649,negative,0.0001742467601534725
1446357124662112285,neutral,0.3307354987155068
1446357148326375428,negative,8.064811777988492e-05
1446357254844862465,negative,3.4010843772932193e-07
1446357289657643039,negative,0.0002719369988277704
1446357319516893190,negative,8.064811777988492e-05
1446357394653655053,negative,4.0842179263130644e-10
1446357428979838986,negative,9.923028035321888e-06
1446357460030271500,negative,2.221897473925214e-09
1446357492036820996,positive,0.8212728880631791
1446357519610359828,negative,0.0014082087930310544
1446357589617487902,negative,0.0007510688293705868
1446357596806524963,negative,5.215556238164009e-09
1446357598308012032,negative,0.0017868186834474934
1446357625126465558,positive,0.8212728880631791
1446357697075556368,negative,8.064811777988492e-05
1446357728084045830,negative,0.007201609102005019
1446358043688570880,negative,0.11737907475212489
1446358079738687500,negative,0.11737907475212489
1446358205735579658,negative,1.4214824161850002e-05
1446358211007819793,negative,0.00019453570215557548
1446358670573514780,negative,0.04645356980665746
1446358675497570306,negative,6.932368427376342e-10
1446358684729290768,negative,0.0018344437454700332
1446358720930328576,negative,0.0019810334030740525
1446358730543673364,negative,0.11737907475212489
1446358813070798872,negative,0.10094115228840118
1446358912513552388,negative,0.0001742467601534725
1446358970659188745,negative,0.0012285792158316438
1446359187064303630,negative,3.458606129914674e-14
1446359187651444736,negative,0.052196242600432124
1446359202537091087,negative,0.0033609960774733634
1446359256987545601,negative,0.00968770627630304
1446359386209849344,positive,0.8212728880631791
1446359388906795012,negative,1.8168128632666372e-10
1446359396137775120,negative,0.11737907475212489
1446359417130266632,negative,0.0001742467601534725
1446359430841475073,neutral,0.6323720940364075
1446359438974201885,negative,0.0001742467601534725
1446359454774038528,neutral,0.5136446707795853
1446359515209912321,negative,0.0003764283811556926
1446359564178296832,negative,3.064053589405643e-09
1446359577746944003,negative,3.33812968540122e-11
1446359599007870984,negative,0.0001742467601534725
1446359600274550798,negative,4.1185542268066824e-06
1446359713759776768,negative,0.0017868186834474934
1446359716616155147,negative,0.012293973178494746
1446359734714519552,negative,4.0842179263130644e-10
1446359760140447750,negative,0.0017868186834474934
1446359788577828884,negative,0.0001742467601534725
1446359790368796682,negative,0.11737907475212489
1446359830525009920,negative,0.0003924106026189717
1446359940495519748,negative,0.1469860387225919
1446359953623691278,negative,0.000814693160237877
1446359979536101407,negative,3.871858972540195e-05
1446360025992212501,negative,0.0001742467601534725
1446360088957104136,negative,0.0001742467601534725
1446360105323278346,negative,2.347057458195997e-06
1446360153327116288,negative,3.8338830472748316e-06
1446360176949407783,negative,7.952370527459001e-08
1446360203813924877,negative,0.00016029296326497693
1446360241038372869,negative,0.0015790481390556784
1446360252107141147,negative,0.2004323206541091
1446360257576513554,negative,0.04966137199628936
1446360276522184707,negative,3.2028324787855535e-11
1446360333480771584,negative,0.0001742467601534725
1446360418369351689,negative,0.0005972616703592161
1446360451105894430,negative,0.0017868186834474934
1446360459993624604,negative,9.798117419878086e-11
1446360559981670400,negative,0.02129983877365306
1446360589492760595,negative,0.00047717228162601373
1446360618534121499,negative,1.852299009712546e-05
1446360667636838430,negative,9.07739940741515e-05
1446360816438099968,negative,0.001455087824588766
1446360863502446627,negative,0.00037338776738554143
1446360872058769408,negative,5.863596543792638e-12
1446360902987624461,negative,0.0001742467601534725
1446360968913690625,negative,0.25472943918112745
1446360994926768142,negative,0.00011156079561629394
1446361054796263435,negative,0.0001742467601534725
1446361086316498945,negative,0.2752190786925983
1446361110685364238,negative,0.0017868186834474934
1446361120860745757,negative,4.062017015473815e-08
1446361204008628226,negative,4.0842179263130644e-10
1446361228075544578,negative,1.8334247360459017e-07
1446361251446206466,negative,6.482386418897777e-06
1446361280768585730,negative,0.09040460703965549
1446361318232109076,negative,1.6799340977809052e-07
1446361348221382670,negative,3.5932607561682456e-05
1446361365443194922,negative,0.0001742467601534725
1446361380777570304,negative,0.0011937841901344072
1446361386204999688,negative,0.18511729137268454
1446361387333267489,negative,0.0001742467601534725
1446361474339725323,negative,0.005441010882734413
1446361517696430093,negative,4.062017015473815e-08
1446361544846159882,negative,4.0842179263130644e-10
1446361639146696720,negative,0.01850782451170792
1446361723229908998,negative,0.11737907475212489
1446361743245127685,negative,0.0001742467601534725
1446361787536977943,negative,4.0842179263130644e-10
1446361818700603392,negative,2.4686606829850933e-05
1446361873008504858,negative,0.001455087824588766
1446361945834205208,negative,0.0001742467601534725
1446362010040610852,negative,1.0774477629824891e-08
1446362168627245068,negative,9.07739940741515e-05
1446362180228689941,negative,0.00011077519373203643
1446362184548823054,negative,0.0001742467601534725
1446362193528827910,negative,0.11737907475212489
1446362262504157211,negative,2.5717251776964517e-06
1446362322809860122,negative,0.00013109719827068237
1446362338320396303,negative,4.679192261325965e-05
1446362343508750342,negative,0.0001742467601534725
1446362555753115668,negative,0.18511729137268454
1446362674368032791,negative,0.0006461791094400489
1446362704109842440,negative,2.6291713362763654e-07
1446362738649935886,negative,6.114319505668781e-07
1446362755431346208,negative,0.00013109719827068237
1446362756249235461,negative,8.048229904504944e-06
1446362775744176128,negative,8.839935025480811e-05
1446362791565217792,neutral,0.42135061911218635
1446362794887163904,negative,8.142865409666432e-13
1446362839975858176,negative,0.0001742467601534725
1446362877967937539,negative,0.12964138508222112
1446362915108499480,negative,2.8624269059840708e-05
1446362966379671564,neutral,0.5136446707795853
1446362971911958562,negative,0.0001742467601534725
1446362995416838147,negative,0.0121235070854084
1446362995483947048,negative,0.043490267876709246
1446363054720102420,negative,3.7223171339519016e-08
1446363207363407872,negative,0.08731698629823334
1446363225763819559,negative,0.0017868186834474934
1446363272832299027,negative,0.00018627533321393324
1446363287436865536,negative,0.001455087824588766
1446363315681308700,negative,0.001455087824588766
1446363317719740439,negative,3.4010843772932193e-07
1446363386351136769,negative,0.0947553794523302
1446363388834164791,negative,0.0054406183797656976
1446363427543396358,negative,0.0001742467601534725
1446363427614699534,negative,0.00019453570215557548
1446363472997068813,negative,0.00046121837988767953
1446363571764539425,neutral,0.5854914878572107
1446363608527613979,negative,0.052196242600432124
1446363653876428807,negative,0.052196242600432124
1446363753331765249,negative,0.0933856944356603
1446363770612297732,negative,4.0842179263130644e-10
1446363780456329256,negative,0.0001742467601534725
1446363806142246934,negative,1.38312148544437e-06
1446363833791098880,negative,4.0842179263130644e-10
1446364051907489801,positive,0.7510123846350562
1446364087340970000,negative,0.11737907475212489
1446364124905156611,negative,0.12509636069345126
1446364182648139780,negative,8.605378863615505e-05
1446364243088060418,negative,0.0001742467601534725
1446364246519001120,negative,0.001455087824588766
1446364279138103304,negative,4.14668508009778e-12
1446364361136746505,negative,0.0011589426341957693
1446364369709932544,negative,0.0121235070854084
1446364375082807301,negative,0.0001742467601534725
1446364449846276110,negative,5.400578515258275e-05
1446364593736069137,negative,0.0001742467601534725
1446364600493092867,neutral,0.4513605618894927
1446364716071333924,negative,3.7768136474338e-05
1446364737521004547,negative,0.027781416904454327
1446364745729257484,negative,0.001455087824588766
1446364775890497554,negative,1.4793418048964372e-06
1446364802935369742,negative,0.0121235070854084
1446364854038769669,negative,5.416127210004447e-05
1446364911173578778,negative,6.557532827217424e-05
1446364913128124454,negative,1.0457533333185762e-08
1446365058095845376,negative,1.0733315643613645e-11
1446365080640237621,negative,4.0842179263130644e-10
1446365110755340309,negative,0.033134434213520546
1446365301378068513,neutral,0.38040424008551504
1446365431909003273,negative,9.923028035321888e-06
1446365435524493339,negative,5.523986520871729e-05
1446365470358188054,negative,0.13600401068249965
1446365556806987778,negative,0.11737907475212489
1446365612310212632,negative,0.0001742467601534725
1446365684162834437,negative,0.005110918862711736
1446365905399787551,positive,0.96800367817872
1446365912202948610,negative,9.747123935749366e-09
1446365943408570397,negative,3.624017714297926e-06
1446365960227729432,negative,0.12125056006682254
1446366260980297729,negative,0.00020455473184789722
1446366391364431875,negative,0.11737907475212489
1446366495500611631,negative,1.5726628134979667e-06
1446366550416633891,negative,1.2871031272767268e-07
1446366590258327601,negative,0.00019453570215557548
1446366608029593647,negative,0.00016694689030477688
1446366644075442186,negative,0.00012145919761453498
1446366687742341157,negative,4.0842179263130644e-10
1446366712039944217,negative,0.001455087824588766
1446366742809358365,negative,0.04645356980665746
1446366758277951491,negative,2.80297688559138e-06
1446366820366233644,negative,0.0001742467601534725
1446366897423876096,negative,0.025124512802454566
1446366970711089152,negative,0.0017868186834474934
1446366989077917697,negative,2.2611346289214163e-08
1446367013425778688,negative,4.73468357583712e-10
1446367019314655249,negative,0.0001742467601534725
1446367253977391104,negative,0.0007851811930540406
1446367261648957442,negative,0.0012136408840573026
1446367286642843648,negative,5.492751703381476e-06
1446367301167722498,negative,0.11737907475212489
1446367315893891097,negative,1.6055926203135348e-05
1446367348336832521,negative,5.607948211190572e-07
1446367349284745240,negative,0.001455087824588766
1446367359992803337,negative,0.0025580270957567736
1446367411159117846,negative,0.007068069123595342
1446367442016612363,negative,0.0001742467601534725
1446367455207698434,negative,0.0006780152236659265
1446367470089089026,negative,8.021506503323234e-07
1446367512267010087,negative,0.04966137199628936
1446367622614953986,negative,0.004418283188428943
1446367658551750662,negative,0.0014082087930310544
1446367781436334087,negative,0.16162955086206265
1446367867713302545,negative,0.001455087824588766
1446367956150202369,negative,5.181965590264672e-07
1446367964131962891,negative,0.0001742467601534725
1446367982251356187,negative,0.00568863874579569
1446368137453187082,negative,0.0001742467601534725
1446368147586490371,negative,0.16162955086206265
1446368198400618513,negative,4.0842179263130644e-10
1446368209519718432,negative,0.0017868186834474934
1446368280646725658,negative,0.11824801815065611
1446368288427159584,negative,9.578314716133561e-09
1446368336334499861,negative,0.00011327870239554243
1446368388490670083,negative,5.648222413740931e-09
1446368620418904067,negative,3.0613281431571427e-07
1446368647740600349,negative,5.607948211190572e-07
1446368737528066096,negative,2.2611346289214163e-08
1446368744637411342,negative,4.0842179263130644e-10
1446368760584146944,negative,7.878055441786669e-10
1446368808629907464,negative,5.509179880742411e-13
1446368854779834375,negative,0.13738989561963671
1446368905392500736,negative,5.967171084368414e-10
1446368951282266115,negative,0.0056912208246983785
1446368988397776909,negative,1.0991502933565221e-07
1446369007297310735,negative,0.0001742467601534725
1446369020484202511,negative,4.0842179263130644e-10
1446369124742017031,negative,4.0842179263130644e-10
1446369270489886738,negative,5.714163409834668e-06
1446369305185169428,negative,6.702922955174405e-09
1446369331403763716,positive,0.8212728880631791
1446369376471560212,negative,0.11737907475212489
1446369440933818392,negative,0.08731698629823334
1446369457635536929,negative,0.0001742467601534725
1446369471489323016,negative,0.0121235070854084
1446369503508639756,negative,0.0895868281287246
1446369524236890123,negative,0.04248516450246641
1446369613302935604,negative,0.08289844331525655
1446369652674867206,negative,0.00013109719827068237
1446369696299823107,negative,0.00022774460097808703
1446369719070699538,negative,0.0026390123208604164
1446369744492376076,negative,0.028738063571475778
